标题,类型,上映时间,简介,作者,主演
['霸王别姬 - Farewell My Concubine'],"['剧情', '爱情']",['171 分钟'],影片借一出《霸王别姬》的京戏，牵扯出三个人之间一段随时代风云变幻的爱恨情仇。段小楼（张丰毅 饰）与程蝶衣（张国荣 饰）是一对打小一起长大的师兄弟，两人一个演生，一个饰旦，一向配合天衣无缝，尤其一出《霸王别姬》，更是誉满京城，为此，两人约定合演一辈子《霸王别姬》。但两人对戏剧与人生关系的理解有本质不同，段小楼深知戏非人生，程蝶衣则是人戏不分。段小楼在认为该成家立业之时迎娶了名妓菊仙（巩俐 饰），致使程蝶衣认定菊仙是可耻的第三者，使段小楼做了叛徒，自此，三人围绕一出《霸王别姬》生出的爱恨情仇战开始随着时代风云的变迁不断升级，终酿成悲剧。,['陈凯歌'],"['张国荣', '张丰毅', '巩俐', '吕齐', '英达', '葛优', '雷汉', '童弟', '尹治', '马明威', '赵海龙', '费振翔', '李丹', '杨永超', '黄斐', '蒋雯丽', '智一桐', '李春', '吴大维', '黄磊', '宋小川', '张进战', '关之琳', '毛舜筠', '吴君如', '黄百鸣', '吴孟达', '卢敏仪', '杨立新', '方征']"
['这个杀手不太冷 - Léon'],"['剧情', '动作', '犯罪']",['110 分钟'],里昂（让·雷诺 饰）是名孤独的职业杀手，受人雇佣。一天，邻居家小姑娘马蒂尔德（纳塔丽·波特曼 饰）敲开他的房门，要求在他那里暂避杀身之祸。原来邻居家的主人是警方缉毒组的眼线，只因贪污了一小包毒品而遭恶警（加里·奥德曼 饰）杀害全家的惩罚。马蒂尔德 得到里昂的留救，幸免于难，并留在里昂那里。里昂教小女孩使枪，她教里昂法文，两人关系日趋亲密，相处融洽。 女孩想着去报仇，反倒被抓，里昂及时赶到，将女孩救回。混杂着哀怨情仇的正邪之战渐次升级，更大的冲突在所难免……,['吕克·贝松'],"['让·雷诺', '加里·奥德曼', '娜塔莉·波特曼', '丹尼·爱罗', '彼得·阿佩尔', 'Willi One Blood', '唐·克里奇', 'Keith A. Glascoe', '伦道夫·斯科特', '迈克尔·巴达鲁科', '艾伦·格里尼', '伊丽莎白·瑞根', '卡尔·马图斯维奇', '弗兰克·赛格', '卢修斯·怀亚特·切罗基', '埃里克·查利', '吕克·伯纳德', '麦温·勒·贝斯柯', 'Jessie Keosian', '乔治·马丁', '阿卜杜勒·哈桑·谢里夫', '斯图亚特·鲁丁', '肯特·布劳德赫斯特', 'Tommy Hollis', '彼得·吉安卢卡利纳瑞', '强尼·里默', '丹尼·贝利', '赛斯杰罗姆·沃克', '迈克尔·蒙德拉', 'Alex Dezen', 'Betty Miller', '杰弗里·贝特曼', 'Arsène Jiroyan', 'Peter Vizard', '约瑟夫·玛勒巴', '大卫·w·巴特勒', '罗伯特·拉萨多', 'Steve Gonnelo', 'William James Stiggers Jr.', 'Anthony Ragland', '水晶·米歇尔·布莱克', '桑尼·齐托', '洛基·埃尔南德斯', 'Randy Pearlstein', 'Trevor Walace', '基思·布洛克', '弗雷德·菲舍尔', 'Peter Justinius', 'Denis Bellocq', 'Thomas Delehanty', 'Ed Ventresca', 'Wallace Wong', 'Cary Wong', 'Amimul Rolly', 'Mohammed Rashid', '亚当·布斯奇', '马里奥·托迪斯科', 'James Melissinos', '杰纳德·伯克斯', 'Matt De Matt', '萨米·纳塞利', '克里斯托夫·戈蒂埃', 'Junior Almeida', '大卫·格雷格', 'Michel Montanary', '埃尔韦·胡森', 'Didier Legros', '马克·安德烈奥尼', '吉尔·克莱伯', 'Junior John Levis', 'Tony Sauraye', 'Thierry Maurio', '让·雨果·安格拉德', 'James Fahrner', 'Michael Wehrhahn', 'Daniel Schenmetzler', 'Alyssia Dujmovich', '麦温', '埃莱娜·卡多纳', 'Jeff McBride']"
['肖申克的救赎 - The Shawshank Redemption'],"['剧情', '犯罪']",['142 分钟'],20世纪40年代末，小有成就的青年银行家安迪（蒂姆·罗宾斯 饰）因涉嫌杀害妻子及她的情人而锒铛入狱。在这座名为肖申克的监狱内，希望似乎虚无缥缈，终身监禁的惩罚无疑注定了安迪接下来灰暗绝望的人生。未过多久，安迪尝试接近囚犯中颇有声望的瑞德（摩根·弗里曼 饰），请求对方帮自己搞来小锤子。以此为契机，二人逐渐熟稔，安迪也仿佛在鱼龙混杂、罪恶横生、黑白混淆的牢狱中找到属于自己的求生之道。他利用自身的专业知识，帮助监狱管理层逃税、洗黑钱，同时凭借与瑞德的交往在犯人中间也渐渐受到礼遇。表面看来，他已如瑞德那样对那堵高墙从憎恨转变为处之泰然，但是对自由的渴望仍促使他朝着心中的希望和目标前进。而关于其罪行的真相，似乎更使这一切朝前推进了一步……,['弗兰克·德拉邦特'],"['蒂姆·罗宾斯', '摩根·弗里曼', '鲍勃·冈顿', '威廉·桑德勒', '克兰西·布朗', '吉尔·贝罗斯', '马克·罗斯顿', '詹姆斯·惠特摩', '杰弗里·德曼', '拉里·布兰登伯格', '尼尔·吉恩托利', '布赖恩·利比', '大卫·普罗瓦尔', '乔·劳格诺', '祖德·塞克利拉', '保罗·麦克兰尼', '芮妮·布莱恩', '斯科特·曼', '约翰·霍顿', '戈登·格林', '阿方索·弗里曼', 'V·J·福斯特', '约翰·萨默斯', '弗兰克·梅德拉诺', '马克·迈尔斯', '阿兰·凯斯勒', '摩根·伦德', '康奈尔·华莱士', '加里·李·戴维斯', '尼尔·萨默斯', '耐德·巴拉米', '乔·佩科拉罗', '小哈罗德·科普', '布赖恩·戴拉特', '唐·麦克马纳斯', '唐纳德·津恩', '多萝西·希尔沃', '罗伯特·海利', '达纳·斯奈德', 'John D. Craig', '肯·马吉', 'Eugene C. DePasquale', '比尔·鲍兰德', '罗恩·纽厄尔', '约翰·伍德沃德', '查克·布劳彻勒', '迪翁·安德森', '克莱尔·史莱姆', 'James Kisicki', '詹姆斯·巴伯森', '罗恩·托马斯', '查理·卡恩斯', 'Rob Reider', '布莱恩·布罗菲', 'Paul Kennedy', 'Brad Spencer', '丹尼斯·贝克', '弗雷德·克柏森', '丽塔·海华斯', '理查德·杜恩', 'Michael Lightsey', '加里·琼斯', '阿隆佐·F·琼斯', '克里斯·佩吉', '塞尔吉奥·加藤', '约瑟夫·劳格诺']"
['泰坦尼克号 - Titanic'],"['剧情', '爱情', '灾难']",['194 分钟'],1912年4月15日，载着1316号乘客和891名船员的豪华巨轮“泰坦尼克号”与冰山相撞而沉没，这场海难被认为是20世纪人间十大灾难之一。1985年，“泰坦尼克号”的沉船遗骸在北大西洋两英里半的海底被发现。美国探险家洛维特（比尔·帕克斯顿 饰）亲自潜入海底，在船舱的墙壁上看见了一幅画，洛维持的发现立刻引起了一位老妇人（格劳瑞亚·斯图尔特 饰）的注意。已经是101岁高龄的露丝称她就是画中的少女。在潜水舱里，露丝开始叙述当年在船上发生的故事。年轻的贵族少女露丝（凯特·温丝莱特 饰）与穷画家杰克（莱昂纳多·迪卡普里奥 饰）不顾世俗的偏见坠入爱河，然而就在1912年4月14日，一个风平浪静的夜晚，泰坦尼克号撞上了冰山，“永不沉没的”泰坦尼克号面临沉船的命运，罗丝和杰克刚萌芽的爱情也将经历生死的考验，最终不得不永世相隔。老态龙钟的罗丝讲完这段哀恸天地的爱情之后，把那串价值连城的项链“海洋之心”沉入海底，让它陪着杰克和这段爱情长眠海底。,['詹姆斯·卡梅隆'],"['莱昂纳多·迪卡普里奥', '凯特·温丝莱特', '比利·赞恩', '格劳瑞亚·斯图尔特', '凯西·贝茨', '弗兰西丝·费舍', '比尔·帕克斯顿', '伯纳德·希尔', '大卫·沃纳', '维克多·加博', '乔纳森·海德', '阿那托利·萨加洛维奇', '苏茜·爱米斯', '伊万·斯图尔特', '詹姆斯·卡梅隆', '刘易斯·阿伯内西', '尼古拉斯·卡斯柯恩', '丹尼·努齐', '杰森·贝瑞', '艾恩·格拉法德', '乔纳森·菲利普斯', '马克·林赛·查普曼', '理查德·格拉翰', '保罗·布赖特威尔', '艾瑞克·布里登', '夏洛特·查顿', '博纳德·福克斯', '迈克尔·英塞恩', '法妮·布雷特', '马丁·贾维斯', '罗莎琳·艾尔斯', '罗切尔·罗斯', '乔纳森·伊万斯-琼斯', '西蒙·克雷恩', '爱德华德·弗莱彻', '马丁·伊斯特', '克雷格·凯利', '詹姆斯·兰开斯特', '艾尔莎·瑞雯', '卢·帕尔特', '泰瑞·佛瑞斯塔', '凯文·德·拉·诺伊', '斯科特·安德森', '格雷戈里·库克', '利亚姆·图伊', '罗恩·多纳基', '史蒂文·奎里', '詹妮特·戈德斯坦恩', '林凡', 'Linda Kerns', '马丁·哈伯', '马丁·莱恩', '德里克·李', 'Paul Herbert', '亚历山大·欧文斯', 'Julene Renee', '凯茜·贝茨', 'Camilla Overbye Roos', 'Amy Gaipa', 'Rocky Taylor', 'Mark Rafael Truitt', 'Garth Wilton', 'Kevin Owers', 'Marc Cass', 'Emmett James', 'Oliver Page', 'Erik Holland', '塞斯·艾德金斯', 'Vern Urich', ""Tricia O'Neil"", 'Dan Pettersson', '格雷格·埃利斯', 'Kris Andersson', 'Aaron James Cash', 'Edmond Alan Forsyth', '斯科特·希斯洛普', '约翰·沃尔卡特', 'Sean Nepita', 'Nick Meaney', 'Mark Capri', '克里斯·伯恩', '詹姆斯·加勒特', 'Jari Kinnunen', '巴里·丹尼', 'Rebecca Klingler', 'Bjørn Olsen', '谢伊·达芬', 'Diana Morgan', '安妮·弗莱彻', 'Andie Hicks', 'Stan Mazin', 'Thomas Füri']"
['罗马假日 - Roman Holiday'],"['剧情', '喜剧', '爱情']",['118 分钟'],欧洲某国的安妮公主（奥黛丽·赫本 饰）到访罗马，国务烦身，但她又厌倦繁文缛节。一天晚上，身心俱疲的她偷偷来到民间欣赏夜景，巧遇报社记者乔（格利高里·派克 饰）。二人把手同游，相当快乐。公主更是到乔的家中作客并在那过夜。不料乔无意中发现了公主的真实身份，他决定炮制一个独家新闻，于是乔和朋友、摄影师欧文（埃迪·艾伯特 饰）一起带公主同游罗马，并且偷拍了公主的很多生活照。然而，在接下来与公主的相处中，乔不知不觉恋上了公主。为了保护公主的形象，乔只能忍痛抛弃功成名就的良机，将照片送予了公主。安妮公主在经历了罗马一日假期后，反而体验了自己对国家的责任，毅然返回了大使馆，为了本身的责任而果断抛弃了爱情。,['威廉·惠勒'],"['格利高里·派克', '奥黛丽·赫本', '埃迪·艾伯特', '哈特利·鲍尔', '哈考特·威廉姆斯', '玛格丽特·罗林斯', '托里奥·卡米纳提', 'Paolo Carlini', 'Claudio Ermelli', '保拉·布鲁布尼', '里佐·弗雷多里佐', 'Laura Solari', 'Gorella Gori', 'Armando Ambrogi', 'Armando Annuale', '毛里齐奥·阿雷纳', 'Silvio Bagolini', '乌戈·巴莱里尼', 'Bruno Baschiera', 'Gildo Bocci', '阿尔弗雷德·布朗', 'Princess Alma Cattaneo', 'J. Cortes Cavanillas', '弗兰科·科尔萨罗', 'John Cortay', 'Vittoria Crispo', 'Ferdinando De Aldisio', '乌戈·德·帕斯卡尔', 'Jan Dijksgraaf', '安德烈·艾斯特哈兹', 'Gherda Fehrer', '雅克·费里尔', 'Helen Fondra', 'Giovanni Fostini', 'Sytske Galema', '保罗·加里', 'Adam Jennette', 'G. Kabulska', '约翰·霍恩', '史蒂芬·豪斯', '特蕾莎·戈捷', '奥托·格罗斯', 'Sidney Gordon', '爱德华·希区柯克', 'Heinz Hindrich', '朱斯蒂诺·奥利维', 'Desiderio Nobile', '理查德·纽豪斯', 'Julio Moriones', '米莫·波利', '贾科莫·奔萨', 'Piero Pastore', '埃里克·奥顿', 'Giuliano Raffaelli', '弗里德里希·兰普', '黛安·兰特', '库尔特·克林格', 'Nicola Konopleff', 'Mario Lucinni', '路易斯·马里诺', 'Princess Lilamani', 'Luigi Locchi', 'Maurice Montabre', '理查德·麦克纳马拉', '拉宾德拉纳特·米特', '多米尼克·丽卡', 'Luigi Moneta', 'Carlo Rizzo', 'Piero Scanziani', 'Gianna Segale', 'Octave Senoret', 'Sir Hari Singh', 'Alcide Tico', '阿梅代奥·特里利', '海伦·塔布斯', 'Marco Tulli', 'Joop van Hulzen', '帕特里夏·瓦尔纳', 'Dianora Veiga', 'Cesare Viori', '塔尼亚·韦伯', 'Hank Werbe', 'Catherine Wyler', 'Judy Wyler', 'George Higgins II']"
['唐伯虎点秋香 - Flirting Scholar'],"['喜剧', '爱情', '古装']",['102 分钟'],唐伯虎（周星驰 饰）身为江南四大才子之首，却有道不尽的心酸。宁王想让唐伯虎帮其图谋作反，被唐伯虎拒绝意淫结仇。唐伯虎在与朋友出游时，遇到了貌若天仙的秋香（巩俐 饰）并对她一见钟情，决心要到华府当家丁以追求秋香，唐伯虎被取名华安。期间华太师遇到了宁王上门刁难，幸好有唐伯虎出面相助，并暴露了自己是唐伯虎的身份。秋香才知道华安是自己欣赏的唐伯虎。华夫人跟唐家有怨，因此二人便开始斗法。怎料宁王跟夺命书生再次上门，华夫人不是对手，幸得唐伯虎出手，华夫人也答应把秋香许配给唐伯虎。,['李力持'],"['周星驰', '巩俐', '郑佩佩', '苑琼丹', '陈百祥', '朱咪咪', '黄霑', '梁家仁', '刘家辉', '林威', '黄一山', '李家声', '贾天怡', '宣萱', '温翠苹', '吴镇宇', '陈辉虹', '谷德昭', '黎彼得', '蓝洁瑛', '陈家碧', '李绮霞', '王凤琼', '梁绮丽', '黄颖仪', '金磊', '梁荣忠', '李健仁', '刘锡贤', '朱铁和', '姜皓文', '何英伟', '王伟梁', '温翠苹']"
['乱世佳人 - Gone with the Wind'],"['剧情', '爱情', '历史', '战争']",['238 分钟'],美国南北战争前夕，南方农场塔拉庄园的千金斯嘉丽（费·雯丽 饰）爱上了另一个农场主的儿子艾希礼（李斯利·霍华德 饰），遭到了拒绝，为了报复，她嫁给了自己不爱的男人，艾希礼妻子梅兰（奥莉薇·黛·哈佛兰 饰）的弟弟查尔斯。战争期间，斯嘉丽成为寡妇，失去母亲，挑起生活的重担，不再是当初的千金小姐；战争结束后，她又两度为人妻，嫁给了爱她多年的投机商人瑞德（克拉克·盖博 饰）。然而，纵使经历了生活的艰苦，斯嘉丽对艾希礼的感情仍然没有改变。艾希礼妻子梅兰的去世，给了斯嘉丽一个机会，一边是深爱自己的丈夫瑞德，一边是心心念念多年的艾希礼？斯嘉丽会给自己怎样一个不一样的明天？,"['山姆·伍德', '维克多·弗莱明']","['费雯·丽', '克拉克·盖博', '奥利维娅·德哈维兰', '莱斯利·霍华德', '海蒂·麦克丹尼尔斯', '埃迪·安德森', '托马斯.米切尔', '芭芭拉·欧内尔', '伊夫林·凯耶斯', '乔治·里弗斯', '巴特弗莱·麦昆', '维克托·乔里', '埃弗雷特·布朗', '霍华德·C·希克曼', '兰德·布鲁克斯', '劳拉·霍普·克鲁斯', '哈里·达文波特', '利昂娜·罗伯特', '简·达威尔', '保罗·赫斯特', '卡米·金·肯伦', '欧娜·满森', 'J·M·克里根', 'Jackie Moran', '莉莲·肯布尔-库珀', '米基·库恩', '欧文·培根', '威廉·贝克韦尔', '伊莎贝尔·朱尔', '沃德·邦德', '克里夫·爱德华兹', '亚基马·坎纳特', '路易斯·让·埃特', '奥林·霍兰德', '罗伯特·埃利奥特', '玛丽·安德森', 'Eric Alden', 'John Arledge', '罗斯科·阿蒂斯', '特雷弗·巴德特', 'Ralph Brooks', 'Daisy Bufford', 'James Bush', 'Louise Carter', '艾德·钱德勒', 'Wallis Clark', 'Frank Coghlan Jr.', '基诺科拉多', 'Luke Cosgrave', 'Kernan Cripps', 'Phyllis Douglas', 'Edythe Elliott', '理查德·法恩斯沃斯', '弗兰克·费伦', 'C. Hamilton', 'Shep Houghton', 'Si Jenks', '乔治·米克', '阿尔贝托·莫林', 'Adrian Morris', 'Lee Murray', 'David Newell', '李·费尔普斯', 'Jolane Reynolds', 'Marjorie Reynolds', 'Suzanne Ridgeway', 'William Stack', 'William Stelling', 'Harry Strang', 'Emerson Treacy', 'F. Driver', 'Joan Drake', 'Ned Davenport', 'Martina Cortina', 'Kelly Griffin', 'Susan Falligant', 'Marcella Martin', '卡洛尔·奈', '艾丽西亚·瑞特', '奥斯卡·波尔克', 'Gary Carlson', 'Ruth Byers', 'Ann Bupp', '艾瑞克·林登', '安·卢瑟福德', '弗莱德·克莱恩', 'Evelyn Harding', '乔治·哈卡索恩', 'Emmett King', 'Lennie Bluett', 'Louisa Robert', 'Azarene Rogers', 'Tom Seidel', '迪克·韦恩·萨莫斯', 'Phillip Trent', 'Julia Ann Tuck', 'Sarah Whitley', 'Zack Williams', 'Inez Hatchett', 'Jean Heker', 'Ricky Holt', 'Tommy Kelly', 'W. Kirby', 'William McClain', 'H. Nellman', 'N. Pharr', '汤姆·泰勒', 'E·阿兰·沃伦', '布卢·华盛顿', 'Dan White', '欧内斯特·惠特曼', 'Guy Wilkerson', '约翰·雷', 'Horace B. Carpenter', 'Shirley Chambers', 'Billy Cook', ""Yola d'Avril"", 'Lester Dorr', 'Col. Timothy J. Lonergan', '玛格丽特·曼', 'Charles Middleton', '斯考特西顿', 'Dale Van Sickel']"
['喜剧之王 - The King of Comedy'],"['剧情', '喜剧', '爱情']",['85 分钟'],尹天仇（周星驰 饰）一直醉心戏剧，想成为一名演员，平时除了做跑龙套以外，还会在街坊福利会里开设演员训练班。此时舞小姐柳飘飘在妈妈桑的带领下来到这里要求学做戏，原来柳飘飘有一段非常不愉快的经历，在尹天仇对她指导的过程中，柳飘飘对尹天仇渐生情愫，同时她也成为了夜总会里当红的小姐。尹天仇受到了极多白眼之后，终于得到了大明星鹃姐（莫文蔚 饰）的赏识，提携他担演新戏中的男主角，但没想到突然把他的角色换掉了，令他失望不已。在片场当场务的卧底警员（吴孟达 饰）身份被识穿，尹天仇阴差阳错的帮忙破了案。之后尹天仇继续活跃在街坊福利会的演员训练班里。,"['李力持', '周星驰']","['周星驰', '莫文蔚', '张柏芝', '郑文辉', '林子善', '田启文', '吴孟达', '成龙', '郑祖', '李兆基', '李思捷', '叶竞生', 'Robert Sparks', '许愿', '戴龙', '徐志雄', '袁富华', '陆剑青', '陈宝骏', '冯勉恒', '詹小玲', '明德丰', '戚务振', '侯焕玲', '林仲岐', '蔡国平', 'Siu-ling Tsim', 'Mo-Chan Chik', '江富强', 'Terence Tsui']"
['楚门的世界 - The Truman Show'],"['剧情', '科幻']",['103 分钟'],30年前奥姆尼康电视制作公司收养了一名婴儿，他们刻意培养他使其成为全球最受欢迎的纪实性肥皂剧《楚门的世界》中的主人公，公司为此取得了巨大的成功。然而这一切却只有一人全然不知，他就是该剧的唯一主角——楚门。楚门从小到大一直生活在一座叫桃源岛的小城 （实际上是一座巨大的摄影棚），他是这座小城里的一家保险公司的经纪人，楚门看上去似乎过着与常人完全相同的生活，但他却不知道生活中的每一秒钟都有上千部摄像机在对着他，每时每刻全世界都在注视着他，更不知道身边包括妻子和朋友在内的所有人都是《楚门的世界》的演员。虽然感觉到每个人似乎都很注意他，而且从小到大所做的每一件事却都有着一些意想不到的戏剧性的效果， 但这些都没有使这位天性淳朴的小伙子太过于在意。可节目的制作组由于一时的疏忽，竟让在楚门小时候因他而“死”的“父亲”再次露面，“父亲”立即被工作人员带走，直到楚门悲痛万分开始怀疑后他们编织了一个完美的谎言让他们“父子”相见，从而达到他们满意的效果。多年前一位既是《楚门的世界》的忠实观众又是该节目群众演员的年轻姑娘施维亚十分同情楚门，楚门对她一见钟情。她给了楚门一些善意的暗示，自己却被强行带离片场。回忆起施维亚的楚门开始重新认识自己的生活。渐渐地楚门发现他工作的公司每一个人都在他出现后才开始真正的工作，他家附近的路上每天都有相同的人和车在反复来往，更让他不敢相信的是，自称是医生并每天都去医院工作的妻子竟不是医生。楚门开始怀疑他所生活的这个世界，包括他妻子、朋友、父亲等所有的人都在骗他，一种发自内心的恐惧油然而生。痛定思痛，他决定不惜一切代价逃出海景这个令他噤若寒蝉的小城，去寻找属于自己真正的生活和真正爱他的人。然而，楚门却低估了集这个肥皂剧的制作人、导演和监制大权于一身的克里斯托弗的力量。克里斯托弗将一切都设计得近乎完美，近30年里牢牢地把楚门控制在海景的超现实世界之中。几次逃脱都失败后，楚门决定从海上离开这座小城，然而他却绝望地发现他面前的大海和天空竟然也是这个巨大摄影棚的一部分，这时克里斯托弗在天上巨大的控制室里向楚门讲述了事情的来龙去脉，并告诉楚门他如今已经是世界上最受欢迎的明星，他今天所取得的一切是常人无法想象的，如果他愿留在海景就可继续明星生活，楚门不为所动，毅然走向远方的自由之路  。,['彼得·威尔'],"['金·凯瑞', '劳拉·琳妮', '诺亚·艾默里奇', '安东尼·科隆', '艾德·哈里斯', '保罗·吉亚玛提', '菲利普·贝克·霍尔', '布赖恩·戴拉特', 'Mario Ernesto Sánchez', '马西娅·德波尼斯', 'Sam Kitchin', 'Adam Tomei', '澳澜·琼斯', '特里·金瑞利', 'Donna Hardy', '乔尔·麦金农·米勒', 'Susan Angelo', '冈本玉二', '马克·麦考利', 'Kevin D. Ross', 'Mickalean McCormick', '梅丽莎·菲茨杰拉德', 'Jake Eberle', 'Kiyoko Yamaguchi', 'Carly Smiga', 'Tom Simmons', '珍妮特·米勒', 'Lorin Moore', 'Courtney Pakiz', 'Joseph Lucus', 'Logan Kirksey', 'Matthew McDonough', 'Larry McDowell', 'Robert Davis', 'R.J. Murdock', 'Darryl Davis', 'Zoaunne LeRoy', 'Millie Slavin', 'Joe Minjares', 'Al Foster', 'John Pramik', 'Krista Lynn Landolfi', '伍娜·戴蒙', '约翰·普莱舍', 'Earl Hilliard Jr.', '贾德森·沃恩', 'Jim Towers', 'David Andrew Nash', 'Nastassja Schmiedt', 'Angel Schmiedt', 'Mal Jones', 'Muriel Moore', 'Mark Alan Gillott', 'Dave Corey', 'Tony Todd', 'Jay Saiter', '约翰·罗斯留斯', 'Savannah Swafford', 'Sebastian Youngblood', 'Kade Coates', '彼得·克劳斯', '哈里·谢尔', '菲利普·格拉斯', '中村佐惠美', '娜塔莎·麦克艾霍恩', 'Don Taylor', 'Ted Raymond', 'Judy Clayton', 'Fritz Dominique', '霍兰德·泰勒', 'Blair Slater', '海蒂·谢兹', 'Ron Taylor', 'Marco Rubeo', 'Dona Hardy']"
['狮子王 - The Lion King'],"['动画', '歌舞', '冒险']",['89 分钟'],辛巴是荣耀国的小王子，他的父亲木法沙是一个威严的国王。然而叔叔刀疤却对木法沙的王位觊觎已久。要想坐上王位宝座，刀疤必须除去小王子，于是，刀疤利用种种借口让辛巴外出，然后伺机让鬣狗军团大开杀戒，无奈被木法沙及时来救。后来，在反复的算计下，木法沙惨死在刀疤手下；事后，刀疤别有用心的劝辛巴离开，一方面派鬣狗将他赶尽杀绝，但辛巴却逃出生天。辛巴逃亡中遇到了机智的丁满和善良的彭彭，他们见证了辛巴长成雄壮的大狮子。不久，辛巴意外遇上了少年时的玩伴娜娜，娜娜告知辛巴荣耀国遭遇灾难并鼓励他回去复国，但辛巴却不愿意。后来在法师拉飞奇的引导下，辛巴和父亲的英灵会面并下决心复国。在接下来一场复国救民的斗争中，辛巴领会了责任的真谛，并在朋友和亲人的帮助下获得胜利  。,"['罗杰·阿勒斯', '罗伯·明可夫']","['马修·布罗德里克', '尼基塔·卡兰姆', '詹姆斯·厄尔·琼斯', '杰瑞米·艾恩斯', '吉姆·卡明斯', '内森·连恩', '厄尼·萨贝拉', '罗伯特·吉尔劳姆', '罗温·艾金森', '莫伊拉·凯利', '乌比·戈德堡', '佐伊·里德尔', '切奇·马林', '玛奇·辛克莱', '乔纳森·泰勒·托马斯', '弗兰克·维尔克', '凯茜·卡瓦蒂妮', 'Judi M. Durand', 'Daamen J. Krall', 'David McCharen', 'Mary Linda Phillips', '菲尔·普洛克特', 'David Randolph', '埃文·绍塞多', 'Brian Tochi', '贾森·韦弗', 'Laura Williams']"
['V字仇杀队 - V for Vendetta'],"['剧情', '动作', '科幻', '惊悚']",['132 分钟'],在未来英国的极权统治下，一位名叫伊维（娜塔莉·波特曼 饰）的年轻女子死里逃生，被一名叫V（雨果·维文 饰）的带面具怪人救出，V具有不可思议的战斗能力，其诡计变化多端，手段极其残忍。当他摧毁了伦敦两个标志性建筑并控制了被政府摆布的电视广播以后，一场革命爆发了。市民被煽动，并企图以起义来对抗政府的专治与镇压。不料，伊维意外的得知了V的神秘背景，同时也发现了关于自己的一个巨大真相，给人们带来的正义与自由却把整个社会推向残酷与堕落的深渊。,"['詹姆斯·麦克特格', '詹姆斯·麦克提格']","['娜塔莉·波特曼', '雨果·维文', '斯蒂芬·瑞', '斯蒂芬·弗雷', '约翰·赫特', '蒂姆·皮戈特-史密斯', '拉珀特·格雷夫斯', '罗杰·阿拉姆', '本·迈尔斯', '西妮德·库萨克', '娜塔莎·怀特曼', '约翰·斯坦丁', '埃迪·马森', '克里夫·阿什伯恩', 'Emma Field-Rayner', '伊安·布尔费尔德', 'Mark Phoenix', 'Alister Mazzotti', '比莉·库克', '盖伊·亨利', '科斯马·肖', '梅根·盖伊', 'Roderic Culver', 'Tara Hacking', '安迪·莱什利兹', '查德·斯塔赫斯基', '安特耶·劳', 'Amelda Brown', '理查德·坎贝尔', '帕特里莎·加农', '马克·朗赫斯特', '西蒙·霍尔姆斯', '查尔斯·科克', '约翰·瑞汉姆', '奥利弗·布拉德肖', 'Jack Schouten', 'Caoimhe Murdock', '朱丽叶·霍兰德', '布林·罗瑟', '拉菲·帕特里克·伯切尔', '约瑟夫·雷耶', 'Adrian Finighan', '马尔科姆·辛克莱', '拉德利·史蒂夫·福特', '马德琳·拉基克-普拉特', '塞丽娜·贾尔斯', '卡斯腾·海斯', '德里克·哈金森', '马丁·萨维奇', '格兰特·布尔金', '格里高利·唐纳森', '伊莫琴·普茨', '杰森·格里菲斯', 'Kyra Meyer', '劳拉·格林伍德', '保罗·安东尼-巴博', 'Anna Farnworth', '玛丽·萧克莱', 'Simon Newby', 'David Merheb', '丹尼尔·唐纳森', 'Dulcie Smart', '本·波泽纳', '伊恩·T·迪金森', 'Sophia New', '朱莉·布朗', 'Gerard Gilroy', 'Eamon Geoghegan', '马修·贝茨', '大卫·雷奇', '马特·威尔金森', '马丁·麦克格雷德', '理查德·莱恩', 'Michael Simkins', '威廉·塔普利', 'Edsel Kragg', '托尼·库克', 'Gordon Gram', '乔纳斯·冯·林根', '若昂·科斯塔·梅内塞斯', 'Jason Oettle', '克里斯托弗·威尔森', '安迪·卡拉汉', '基斯·豪', 'David Decio', 'Nicolas de Pruyssenaere', '彼得·莱德', '沃尔夫冈·施特格曼', 'Norman Campbell Rees', '马迪斯·兰德维尔', '克里斯托弗·福什', 'David Hood', '罗根·格兰特', 'Forbes KB', '布拉德利·斯蒂夫·福特', 'Greg Donaldson']"
['少年派的奇幻漂流 - Life of Pi'],"['剧情', '奇幻', '冒险']",['127 分钟'],《少年派的奇幻漂流》的故事开始于蒙特娄， 也结束于蒙特娄。一名在找寻灵感的作家，无意间得知了皮辛墨利多·帕帖尔的不可思议的故事。被大家称为派的男孩，成长于1970年代的印度朋迪榭里。他的父亲开了一家动物园，派整天与老虎、斑马、河马和其他异国动物为伍，对信仰、人和动物的本性自有一套看法。然而他试图与孟加拉国虎理查德·帕克交好的举动，却引来父亲勃然大怒。派的父亲当场以血淋淋的教训让他知道：动物与人的思考模式不同，一旦忘记这一点就会送命。这次的教训冲击了派对世界无止尽的好奇心，令他永远无法轻忽，最终甚至影响了他被迫经历的旅程。此时印度发生了全面性的改变，动摇了派的多采多姿的世界。在派17岁那一年，他的父母决定举家移民以追求更好的生活。移民能带来新世界的新冒险，却也代表派必须离开他的初恋情人。在选择移民加拿大之后，派的父母关闭动物园、收拾所有家当搭上一艘日籍货船。在船上，他们遇见一位残忍成性的法国厨师。当天深夜在茫茫大海中，原本令派感到刺激无比的暴风雨，才一瞬间就成了吞噬货船的大灾难。船沉了，然而派却奇迹似的活了下来。他搭着救生船在太平洋上漂流，而且有一名最令人意想不到的同伴－理查德·帕克。冒险的旅程开始了。而这头过去在派的面前展露本性的猛虎，则成了派的大敌。然而在学习共存的过程中，理查德·帕克逐渐成为派重返人世的最大希望。派与理查德·帕克面对许多无法想象的挑战， 包括大自然的壮阔以及无情袭击渺小救生船的狂暴。其中一场特别凶猛的暴风雨，为派带来精神上的体验，让他质疑神对他的安排。然而从头到尾，派都没有绝望。一本旧的求生手册、海上的生物光、壮观的飞鱼群在空中画出的虹弧、闪闪发亮的碧波、以及一头跃出海面的座头鲸，都能让派得到喜悦  。,['李安'],"['苏拉·沙玛', '伊尔凡·可汗', '塔布', '拉菲·斯波', '阿尤什·坦东', '加塔姆·贝鲁尔', '阿迪勒·侯赛因', '阿伊·可汗', '穆德·阿巴斯·卡勒里', '维比什·希瓦库玛', '热拉尔·德帕迪约', '詹姆斯·塞托', '俊·奈托', '安德里亚·迪·斯戴法诺', '沙拉万提·塞纳特', '埃利·阿鲁夫', '帕德米尼·拉姆康托', 'T·M·卡西克·司瑞尼瓦莎', '阿玛伦·瑞米南', '哈里·米那·巴拉', '王柏杰', '柯一正', '黄健玮', '拉维·纳塔森', '艾德亚特·巴拉吉', '基拉格·奥格沃', '阿罕·安德烈·卡玛斯', '欧姆·卡玛斯', '斯瑞莱克·卡塔', '沙瓦提·范·拉斯维克', 'M.吉尔萨那', '英多莫汗·普尔尼玛', '约瑟夫·尼西亚·B', '沙姆克莎·S', 'A·戴娃·桑德里', 'G·瓦萨塔库马里', 'A·韦斯亚', '马西里·普拉卡什', '拉杰·帕特尔', '哈迪西亚·哈米德', '伊斯沃尔·撒里库玛', '阿彦·汗', 'T.M. Karthik']"
['美丽心灵 - A Beautiful Mind'],"['剧情', '传记']",['135 分钟'],英俊而又十分古怪的数学家约翰·纳什 （罗素·克劳饰）念研究生时便发明了他的博弈理论，短短26页的论文在经济、军事等领域产生深远的影响，他开始享有国际声誉。但纳什出众的直觉受到了精神分裂症的困扰，使他向学术上最高层次进军的辉煌历程发生了巨大改变。面对这个曾经击毁了许多人的挑战，纳什在深爱着他的妻子艾丽西亚 （ 詹妮弗·康纳利 饰）的相助下，与被认为是只能好转、无法治愈的疾病作斗争。经过十几年的不懈努力，完全通过意志的力量，他一如既往地坚持工作，并于1994年获得诺贝尔奖，他在博弈论方面颇具前瞻性的工作也成为20世纪最具影响力的理论。而纳什也成了一个不仅拥有美好情感，并具有美丽心灵的人  。,['朗·霍华德'],"['罗素·克洛', '詹妮弗·康纳利', '艾德·哈里斯', '克里斯托弗·普卢默', '保罗·贝坦尼', '亚当·戈德堡', '乔什·卢卡斯', '朗·霍华德', '安东尼·拉普', '贾森·加里-斯坦福德', '贾德·赫希', '奥斯汀·潘德尔顿', '维克多·斯坦巴赫', 'Jesse Doran', '罗伊·辛尼斯', '谢丽尔·霍华德', '兰斯·霍华德', '简·詹金斯', '乔什·帕斯', '蒂格尔·F·伯格里', '迈克尔·埃斯佩尔', 'Eva Burkley', 'Dr. Isadore Rosenfeld', 'Tommy Allen', 'Tom McNutt', '小艾德.朱普', 'Lloyd Baskin', 'James Thomas Bligh', '丹·陈', '杰森·霍顿', '迈克尔·C·皮尔斯', '约翰托宾', 'Sean Bennett', '乔纳·福尔肯', '法布里奇奥·范特', 'Charles McClelland', '肖恩·里德', 'Jonathan Marc McDonnell', '罗伯特·迈尔斯', 'Charles Pendleton', 'Jeffrey Christopher Todd', 'Alex Tanaka', '埃文·哈特', 'Erik Van Wyck', 'Susan Quigley', '米尔斯·彼埃尔', 'Dave Sweeney', 'Ned Stuart', '斯科特·费恩斯特罗姆', 'Berly Ellis', '里德·彭尼', 'Gregory Gordon', '理查·布莱恩特', 'Sean Dillon', 'Scott Addison Clay', 'Michael Fiore', 'Douglas Taurel', 'Jennifer Weedon', 'Tracey Toomey', '艾米·瓦尔兹', 'David B. Allen', '瓦伦蒂娜·卡迪纳利', 'Alex Toma', 'Darius Stone', 'Anthony Easton', 'Patrick Blindauer', 'Kent Cassella', 'Thomas F. Walsh', '坦娅·克拉克', 'Betsy Klompus', 'Logan McCall', 'Bob Broder', '卡拉·奥奇格罗索', 'Matt Samson', 'Lyena Nomura', 'Kathleen Fellegara', 'Will Dunham', 'Glenn Roberts', 'Christopher Stockton', 'Gregory Dress', 'Yvonne Thomas', 'Holly Pitrago', 'Dave Bayer', 'Brian Keith Lewis', '凯德·比特纳', 'Jill M. Simon', '薇薇·卡登尼', '雷吉·奥斯汀', '斯特里奥·萨万特', '布莱丝·达拉斯·霍华德', '迈克尔·阿伯特', 'Vivian Kalinov', 'Phil Cirincione', '费丽娜·巴瑞丝', 'Todd Fredericks', 'Michael Arthur', 'John Blaylock', 'Mike Fitzgerald', 'Dory Manzour', 'Liche Ariza', 'Ty Copeman', 'Tiffany Marz', 'Ryan Tygh', '布瑞恩·斯米吉', 'Warner Wolf', 'Michael Tota', 'Deborah Baum', '吉莉·西蒙', '迈克尔·菲奥里', '塞斯·盖贝尔', 'Dory Manzour']"
['初恋这件小事 - สิ่งเล็กเล็กที่เรียกว่า...รัก'],"['喜剧', '爱情']",['118 分钟'],初中生小水（平采娜·乐维瑟派布恩 饰）相貌平平，家境一般，所以在学校里并不受重视。但是她心地善良，又有一群死党，日子过得倒也开心。某天，她遇见了帅气的学长阿亮（马里奥·毛瑞尔 饰），春心萌动，无 法遏制。她喜欢看他踢足球，看他拍照，如痴如狂。上英语课时，她不停地给死党传纸条 表达对阿亮的爱慕。然而，英语老师则指出她除了英语一无是处。回到家，叔叔从美国捎来了父亲的消息，说如果她能考全校第一，就可以去美国。于是，她按下决心要努力加油。某天，小水等人在买饮料时，碰到篮球队员蛮横插队。阿亮挺身而出，为她们教训了对方，并挨了校长的责骂。小水也第一次听说，阿亮的父亲因为射失点球而退役的事情，理解了他心中的隐痛。由于舞蹈队是给美女准备的，所以小水等一干姐妹准备在话剧社大展身手，没想到学长也来到这个社团。两人还扮演王子公主，他们的恋情会由此展开么？……,"['普特鹏·普罗萨卡·那·萨克那卡林', '华森·波克彭']","['马里奥·毛瑞尔', '平采娜·乐维瑟派布恩', '阿查拉那·阿瑞亚卫考', '华森·波克彭', '普特鹏·普罗萨卡·那·萨克那卡林', 'Khachamach Promsaka Na Skolnakor', '皮拉瓦特·赫拉巴特', 'Pijittra Siriwetchapan', '雅尼卡·桑普蕾舞', '诺特·阿查拉那·阿瑞亚卫考', '苏达拉·布查蓬']"
['借东西的小人阿莉埃蒂 - 借りぐらしのアリエッティ'],"['动画', '奇幻', '冒险']",['94 分钟'],虽然患有心脏方面的疾病，但是少年翔（神木隆之介 配音）的父母依然对他疏于呵护。为了准备即将到来的手术，翔来到了位于偏远乡间的姨婆（竹下景子 配音）家静养。姨婆家位于一片幽静的丛林中，这是一幢有着上百年历史的欧式别墅。这里除了生活着姨婆和女佣阿春（树木希林 配音）外，还有一个奇特的三口之家，“借东西一族”——小人阿莉埃蒂（志田未来 配音）和她的爸爸（三浦友和 配音）妈妈（大竹忍 配音），他们生活在别墅的地板下，只有几公分高，过着不为人类察觉的生活。遇到所需的日常用品时，便会在夜深人静之时偷偷潜入厨房借出来。翔无疑中瞥见阿莉埃蒂的身影，他有心接近这些传说中的小人，却不知不觉打扰了他们的生活……,['米林宏昌'],"['志田未来', '神木隆之介', '大竹忍', '三浦友和', '竹下景子', '树木希林', '藤原龙也', '威尔·阿奈特', '卡罗尔·博内特', '凯瑞·柯克帕特里克', 'Dale Sison', '奥莉薇娅·柯尔曼', 'Ray Gillon', 'Gracle Poletti', '西尔莎·罗南', '菲丽达·劳', '汤姆·赫兰德', '皮特·杰森', '莫伊塞斯·阿里亚斯', '卢克·阿伦-盖尔', '艾米·波勒', '史蒂夫·阿尔珀特', '布丽奇·门德勒', '马克·斯特朗', '弗兰克·马歇尔', '羽鸟慎一', '杰拉尔丁·麦克伊万', '大卫·亨瑞']"
['一一 - Yi yi: A One and a Two'],"['剧情', '爱情', '家庭']",['173 分钟'],NJ（吴念真 饰）是个很有原则的生意人，同妻子敏敏（金燕玲 饰）、女儿婷婷（李凯莉 饰）、儿子洋洋（张杨洋饰）以及外婆住在台北某所普通公寓里。小舅子的一场麻烦婚礼过后，因为外婆突然中风昏迷，他迎来更加混乱的日子。敏敏公司、家里两头跑，时常感觉自己要被耗空；婷婷一直为外婆的中风内疚，恋爱谈到中途发现自己不过是替代品；NJ更是麻烦重重，公司面临破产，他又不愿放下别人眼里一文不值的自尊。一家人里，似乎只有洋洋没有烦恼，他平静地用照相机拍着各种人的背面，帮他们长出另一双眼睛，然而，洋洋简简单单的一句话，道出更深的悲凉。,['杨德昌'],"['吴念真', '金燕玲', '李凯莉', '林孟瑾', '张洋洋', '陈以文', '柯宇纶', '唐如韫', '杨德昌', '萧淑慎', '尾形一成', '陈希圣', '张育邦', '徐淑媛', '曾心怡', '许安安', '柯素云', 'Kai-Li Peng', '唐从圣', '戴立忍', '陶传正', '孙法钧', '江惠惠', '李永丰', '津田健次郎', '宋少卿', '刘亮佐', '范瑞君', 'Chi-Tung Yu', '罗北安', '邓安宁', '杨淇', 'Kiyotaka Ueno', 'Christian Storms', 'Shi-hui Chin', 'Kuo-Chih Shu', 'Mei-Yun Yu', 'Antonio Lee', 'Yuen-Cheng Cheng', '苗子杰', '李键昌', '徐珪莹', 'Shih-Ping Yang', '杨谨华', 'Cheng-Wan Pieh', 'Shih-hue Tu', '毛训容']"
['美丽人生 - La vita è bella'],"['战争', '剧情', '爱情']",['116 分钟'],犹太青年圭多（罗伯托·贝尼尼 饰）邂逅美丽的女教师朵拉（尼可莱塔·布拉斯基 饰），他彬彬有礼的向多拉鞠躬：“早安！公主！”历经诸多令人啼笑皆非的周折后，天遂人愿，两人幸福美满的生活在一起。然而好景不长，法西斯政权下，圭多和儿子被强行送往犹太人集中营。多拉虽没有犹太血统，毅然同行，与丈夫儿子分开关押在一个集中营里。聪明乐天的圭多哄骗儿子这只是一场游戏，奖品就是一辆大坦克，儿子快乐、天真的生活在纳粹的阴霾之中。尽管集中营的生活艰苦寂寞，圭多仍然带给他人很多快乐，他还趁机在纳粹的广播里问候妻子：“早安！公主！”法西斯政权即将倾覆，纳粹的集中营很快就要接受最后的清理，圭多编给儿子的游戏该怎么结束？他们一家能否平安的度过这黑暗的年代呢？,['罗伯托·贝尼尼'],"['罗伯托·贝尼尼', '尼可莱塔·布拉斯基', '乔治·坎塔里尼', '朱斯蒂诺·杜拉诺', '赛尔乔·比尼·布斯特里克', '玛丽萨·帕雷德斯', '霍斯特·布赫霍尔茨', '利迪娅·阿方西', '朱利亚娜·洛约迪切', '亚美利哥·丰塔尼', '彼得·德·席尔瓦', '弗朗西斯·古佐', '拉法埃拉·莱博罗尼', '克劳迪奥·阿方西', '吉尔·巴罗尼', '马西莫·比安奇', '于尔根·博恩', '维蕾娜·布拉蒂', '罗伯特·卡梅罗', '恩尼奥·孔萨尔维', '吉安卡尔洛·科森蒂诺', '亚伦克·雷格', 'Alfiero Falomi', 'Daniela Fedtke', 'Antonio Fommei', 'Stefano Frangipani', 'Ernst Frowein Holger', 'Alessandra Grassi', 'Hannes Helmann', 'Wolfgang Hillinger', 'Margareta Lucia Krauss', 'Patrizia Lazzarini', 'Maria Letizia', 'Concetta Lombardo', 'Maria Rita Macellari', 'Carlotta Mangione', 'Francesca Messinese', '弗兰科·梅斯科利尼', 'Inger Lise Middelthon', 'Andrea Nardi', 'Günther Pfanzelter', 'Cristiana Porchiella', '安东尼奥·普雷斯特', '吉娜·诺维勒', 'Laura Rudeberg', 'Massimo Salvianti', '理查德·塞梅尔', 'James Schindler', '安德烈提多娜', '迪尔克·范登贝格', 'Giovanna Villa', ""Roberto Dell'Acqua"", 'Katia Crispino', '奥梅罗·安东努蒂', '阿伦·克雷格', '汉尼斯·赫尔曼', '李靖飞', 'Laura Susanne Ruedeberg', 'James Falzone', 'Daniela Fedke']"
"[""海上钢琴师 - La leggenda del pianista sull'oceano""]","['剧情', '爱情', '音乐']",['126 分钟'],1900年的第一天，往返于欧美两地的邮轮Virginian号上，负责邮轮上添加煤炭的工人丹尼·博德曼 （比尔·努恩饰）在头等舱上欲捡拾有钱人残留下来的事物时，却意外的在钢琴上发现一个被遗弃的新生儿，装在TD牌柠檬的空纸箱内。由于坚信“TD”正代表了Thanks Danny的缩写，于是丹尼不顾其他工人的嘲笑，独立抚育这个婴儿，并为了纪念这特别的一天，将他取名为：1900。海上出生的1900 （蒂姆·罗斯饰），在陆地上却是个从未存在的人，没有亲人、没有户籍，也没有国籍，大海便是他的摇篮，而他也随着Virginian号往返靠泊各个码头，逐渐长大。然而好景不常，一次的海上意外事件，造成抚养1900的丹尼意外丧生，幸而奇迹似的，某天深夜船上的众人被优美的琴声所惊醒，循着琴声而往，居然是无师自通的1900在钢琴前忘我的演奏着，动人的旋律打动了众人，从此，1900展开了在海上弹奏钢琴的旅程，也吸引了愈来愈多慕名而来的旅客。 　　马克斯 （ 普路特·泰勒·文斯 饰）在因缘际会下来到Virginian号加入乐队伴奏，也因此见识到这位传说中的海上钢琴师1900，两人因此结为好友。而1900在与发明爵士乐的传奇钢琴手杰利同船竞技钢琴琴艺之后，声势更是如日中天。但尽管马克斯再三鼓励1900下船去向全世界展露他的天赋，1900却始终未曾踏足陆地一步。直到他在为唱片公司录制个人专辑时，意外见到船舱之外清秀动人的女孩，并在感动之余创作了《1900's Theme》。随着女孩的下船离去，1900的心开始波动  。,['朱塞佩·托纳多雷'],"['蒂姆·罗斯', '比尔·努恩', '克兰伦斯·威廉姆斯三世', '普路特·泰勒·文斯', '梅兰尼·蒂埃里', '加布里埃莱·拉维亚', '皮特·沃恩', '尼尔·奥布赖恩', '阿尔贝托·巴斯克斯', 'Julien Lovett', '希思科特·威廉姆斯', 'Adriano Wajskol', '布莱恩·普林格', '安吉洛·迪洛雷塔', 'Pierluigi Coppola', 'Stefano Pagin', 'Bernard Padden', 'Noriko Aida', 'Andrew Dunford', 'Eamon Geoghegan', '伊斯顿·盖奇', 'Harry Ditson', 'Katy Monique Cuom', '科里·巴克', 'Vernon Nurse', 'Norman Chancer', '西德尼·科尔', '费米·依鲁福祖', 'Leonid Zaslavski', 'Luigi De Luca', 'Femi Elufowojo', 'Nigel Fan', 'Roger Monk', '吉达·布塔', 'Gianluigi Molteni']"
['千与千寻 - 千と千尋の神隠し'],"['动画', '冒险', '奇幻', '家庭']",['125 分钟'],千寻和爸爸妈妈一同驱车前往新家，在郊外的小路上不慎进入了神秘的隧道——他们去到了另外一个诡异世界—一个中世纪的小镇。远处飘来食物的香味，爸爸妈妈大快朵颐，孰料之后变成了猪！这时小镇上渐渐来了许多样子古怪、半透明的人。千寻仓皇逃出，一个叫小白的人救了他，喂了她阻止身体消失的药，并且告诉她怎样去找锅炉爷爷以及汤婆婆，而且必须获得一份工作才能不被魔法变成别的东西。千寻在小白的帮助下幸运地获得了一份在浴池打杂的工作。渐渐她不再被那些怪模怪样的人吓倒，并从小玲那儿知道了小白是凶恶的汤婆婆的弟子。一次，千寻发现小白被一群白色飞舞的纸人打伤，为了救受伤的小白，她用河神送给她的药丸驱出了小白身体内的封印以及守封印的小妖精，但小白还是没有醒过来。为了救小白，千寻又踏上了她的冒险之旅。,['宫崎骏'],"['柊瑠美', '周冬雨', '入野自由', '井柏然', '夏木真理', '王琳', '中村彰男', '彭昱畅', '菅原文太', '田壮壮', '内藤刚志', '泽口靖子', '我修院达也', '神木隆之介', '玉井夕海', '大泉洋', '小林郁夫', '上条恒彦', '小野武彦', '安田显', '斋藤志郎', '黛维·切斯', '杰森·马斯登', '苏珊娜·普莱舍特', '鲍伯·伯根', '迈克·奇科利斯', '罗伦·荷莉', '塔拉·斯特朗', '苏珊·伊甘', '保罗·伊丁', '约翰·拉岑贝格', '戴维·奥格登·施蒂尔斯', '杰克·安杰尔', '雪莉·琳恩', '莫娜·马歇尔', '詹妮弗·达林', '米凯·麦高万', '科琳·欧肖内希', '菲尔·普洛克特', '吉姆·瓦德', 'Candi Milo', '罗杰·布帕斯', '户次重幸', '山像香', '脇田茂', '都筑香弥子', 'Noriko Kitou', 'Masayuki Kizu', 'Rina Yamada', 'Madalena Bobone', 'Rui Mendes', '山本道子', 'Akio Nakamura', '山本郁子', 'Filipa Maló Franco', 'João Melo', 'Fernanda Montemor']"
['迁徙的鸟 - The Travelling Birds'],['纪录片'],['98 分钟'],当鸟儿用羽翼去实现梦想，翱翔在我们永远无法凭借自身企及的天空，人类又该赋予他们怎样的赞叹呢？“鸟的迁徙是一个关于承诺的故事，一种对于回归的承诺。”雅克·贝汉以这样一句话带我们踏上了鸟与梦飞行之旅。,"['雅克·贝汉', '雅克·克鲁奥德']","['雅克·贝汉', 'Philippe Labro']"
"['黄金三镖客 - Il buono, il brutto, il cattivo.']","['西部', '冒险']",['161 分钟'],故事发生在美国南北战争时期。图科（埃里·瓦拉赫 饰）是一个图财害命的江洋大盗，因此他被镇上悬赏通缉。布兰迪（克林特·伊斯特伍德  饰）是一个除暴安良的牛仔，他无意中抓住了图科，但嫌赏金不够又掳走了他。在荒漠中，布兰迪惩罚图科让其自生自灭。但是诡诈的图科居然逃过了一劫，并纠集一些帮凶在客栈捉住了布兰迪。正当图科以牙还牙折磨布兰迪的时候，他劫持了一个名叫卡森的士兵。后者临死前留下了宝藏的秘密，图科和布兰迪分别获得了一半信息。与此同时，一个狡猾的杀手桑坦萨（李·范·克里夫 饰）也通过其他渠道发现了宝藏的秘密。于是，在寻宝的道路上，三个人使出浑身解数，上演了一场场对决的好戏……,['赛尔乔·莱翁内'],"['克林特·伊斯特伍德', '李·范·克里夫', '埃里·瓦拉赫', '路易吉·皮斯蒂利', 'Claudio Scarchilli', 'John Bartha', 'Livio Lorenzon', '贝尼托·斯特凡内利', 'Angelo Novi', '安东尼奥·卡萨斯', '阿尔多·桑布雷利', 'Al Mulock', 'Sergio Mendizábal', 'Antonio Molino Rojo', 'Lorenzo Robledo', '马里奥·布雷加', '弗兰克·布拉尼亚', 'Luigi Ciavarro', 'Jesús Guzmán', 'Víctor Israel', '纳扎雷诺·纳塔莱', 'Ricardo Palacios', 'Romano Puppo', 'Antonio Ruiz', 'Román Ariznavarreta', 'José Terrón', 'Saturno Cerra', 'Enrique Santiago', 'Fortunato Arena', '阿蒂利奥·罗戴德约', 'Veriano Genesi', '阿尔多·久弗瑞', 'Rada Rassimov', 'Enzo Petito', 'Antonio Casale', 'Sandro Scarchilli', '切诺·阿隆索', 'William Conroy', 'Aysanoa Runachagua', 'Franco Doria', 'Amerigo Castrighella', 'Tony Di Mitri']"
['海洋 - Océans'],['纪录片'],['104 分钟'],"影片讲述了热爱动物又充满幻想的十岁男孩方小奇，由于父母常年在外工作，所以只能在爷爷工作的“极地海洋世界”里度过自己的童年。值得庆幸的是，“海洋世界”里千姿百态的各种海洋动物，让小奇的生活充满了欢乐和幸福。    一天晚上，远在北极的爸爸给小奇来的一封信又使他失望了,信中说我们的科考工作还没完成，因此不能回来给你过生日了。小奇非常难过，便拿着爸爸的信独自来到海豚池边偷偷哭泣。就在这个时候，奇迹发生了！那只平时就跟小奇很要好的小海豚琪琪，突然开口和他‘说话’了！它告诉小奇，它也很难过，天天思念自己的爸爸。两颗心，因为同一种情感被紧紧地联系在一起。    小奇从饲养员那里得知，琪琪是被人类从大海里救回来的。当年它爸爸为了保护它，在和鲨鱼拼搏中受了重伤，现在还不知是生还是死。琪琪的悲惨经历，让小奇决心帮助琪琪找到它的爸爸。    就在小奇和同学们努力准备的时候，琪琪却突然病了。望着不吃不喝的“好朋友”，小奇流下了眼泪。他知道，琪琪的病是因为它见不到爸爸而造成的！情急之下，小奇和维维、洋洋等好朋友把琪琪从“海洋世界”偷运出去，可就在他们的行动将要成功的时候，却被饲养员发现了。小奇不仅被平日里非常疼爱他的爷爷怒斥，还被禁止再来海豚池看琪琪！小奇又气又急，终于也发起了高烧。    小奇怎么也不知道，他和琪琪之间的友谊，他为“海洋朋友”所做的一切努力，同样也打动了一些人的心，他们正在为琪琪重归大海，重见爸爸而暗暗努力着。一段关于人与动物、亲情与友谊、爱与理解的美丽故事，正在那个如梦如幻的海洋世界里上演着……","['雅克·贝汉', '雅克·克鲁奥德']","['雅克·贝汉', '姜文', '兰斯洛特·佩林', '宫泽理惠', '皮尔斯·布鲁斯南', '阿尔多', '小佩德罗·阿门达里斯', '马蒂亚斯·勃兰特', 'Manolo Garcia']"
['我爱你 - 그대를 사랑합니다'],"['剧情', '爱情']",['118 分钟'],每天清晨骑着摩托车送牛奶的金万石嘴边总是挂着脏话，但其实是个热心肠的人。有一天，万石在上坡的时候偶遇了靠收废纸为生，孤独且艰辛的宋怡芬，并在孙女金妍儿的穿针引线下，对她产生了特殊的感情。在停车场工作的张君峰的妻子患有老年痴呆症。他每天早出晚归工作，回到家后就尽心照顾妻子。然而妻子却将不久于人世。君峰深爱着自己的妻子，因此悲痛无比。他想帮妻子减轻痛苦，同时他也无法接受没有妻子陪伴的日子，最后决定同妻子一起离开这个世界。他将门窗仔细封好，坐在妻子身边，笑着对她说一起走过了这么长的一辈子，下辈子还要娶她，妻子摇摇头说你永远都在为我付出而我却不能为你做什么，我不能再拖累你了。躺在妻子身边，握着她的手，平静地等待最后时刻的到来。老友夫妇的死对怡芬触动很大，她深爱着万石，不想失去他，但他已临近生命的终点，她不能承受死亡将他们分开，思虑再三，决定自己独自带着最美好的回忆回到老家，慢慢老去。万石起先无法接受，后来还是理解了她的选择，并决定送她回家。在她的老宅前，两人互相望着对方，千言万语都包含在着最后的凝望中。两人唯一的一次拥抱，深深的一抱，不禁都老泪纵横。随着握着的双手渐渐地分开，一段恋情就此慢慢地飘散开来，又在两人的心中汇聚，尘封在记忆之中。弥留之际，万石仿佛看到自己骑着摩托，来到怡芬的老宅前，载着她越过田野，越过山谷，越过天空，去往他们的天堂。老人带着一脸的满足，微笑着离去。,"['秋昌旼', '孙昌敏']","['李彩恩', '吉海妍', '金秀美', '李文植', '李顺才', '吴达洙', '尹秀晶', '宋智孝', '宋在浩', 'Hae-yeon Kim', 'Jae-Yoon Jo', 'Bi-bi Kim', 'Soo-yeong Kang', 'Hyun Joong Kang', '李俊赫', 'Sang-hoon Lee', 'Nam-Hee Park', '李顺载', '赵在允', 'Jeong', '罗美兰', '金香奇', '李相勋', '李俊赫']"
['阿飞正传 - Days of Being Wild'],"['剧情', '爱情', '犯罪']",['94 分钟'],英俊不凡的旭仔阿飞 （张国荣饰）是上海移民，他从未见过生母，自小由养母 （潘迪华饰）养大，因此长大后他对生命中遇到的每一个女人都冷酷无情。放荡不羁的他先后与南华体育会售票员苏丽珍 （张曼玉饰）和舞女咪咪 （刘嘉玲饰）同居，但后来又相继抛弃了她们。旭仔从养母处得知，自己原是混着西班牙和菲律宾贵族血统的私生子旭仔决要找到生母，为此他只身前往菲律宾，可是生母拒见，带着怨恨离开。旭仔在离开香港前，将车子给予歪仔 （张学友饰）。咪咪发现旭仔走了，问歪仔知不知道他在那里，歪仔告诉她旭仔去了菲律宾，并将旭仔的车子卖掉，将钱给她去菲律宾找旭仔。一直暗恋苏丽珍的警察超仔 （刘德华饰）目睹了苏丽珍与旭仔的决裂，并在母亲死后，决定改行去跑船。超仔在菲律宾唐人街又遇上了旭仔，不过他假装自己不认识他。不久，旭仔因为买卖假护照而在一场殴斗中身负重伤，超仔问他记不记得某年4月16日下午3时他在做什么，旭仔说要记得的他永远记得，但是他叫超仔告诉苏丽珍他已经不记得了。最后他守着死在一列异国火车上的旭仔。在这同时，另一个阿飞 （梁朝伟饰）精心打理自己准备出门，继续上演着无脚鸟的故事  。,['王家卫'],"['张国荣', '张曼玉', '刘德华', '刘嘉玲', '张学友', '潘迪华', '梁朝伟', 'Danilo Antunes', 'Hung Mei-Mei', 'Ling-Hung Ling', 'Tita Muñoz', '阿莉西亚·阿隆索', 'Elena Lim So', 'Maritoni Fernandez', 'Angela Ponos', 'Nonong Talbo', 'Mei-Mei Hung']"
['爱·回家 - 집으로...'],"['剧情', '家庭']",['80 分钟'],坐完火车，又坐汽车，再走弯弯的山路，妈妈领着7岁的相宇去外婆家。作为单身母亲的她为了方便找工作暂时把相宇留在那里。相宇的外婆不能说话，也不识字，而一直生活在可乐、电子游戏和溜冰鞋世界里的相宇，刚开始无法适应连游戏机、电池都没有得卖的农村生活，他开始表现自己的不满，为了买电池，相宇偷走外婆的银头簪拿去卖；相宇还不顾在一旁缝袜子的外婆，在地板上玩起了溜冰。有一天，想吃炸鸡的相宇通过各种手势，终于成功向外婆表达了自己的意愿，而外婆只理解到鸡肉，做出来的是“泡在水里的鸡”———炖鸡，相宇很生气，推翻了饭碗。面对这一切外婆唯一的表示就是不停用手势表示对不起，因为连买电子游戏机电池的钱都给不起，因为不能满足相宇想吃炸鸡的要求而对不起。,['李廷香'],"['俞承豪', '金艺芬', '童孝熙', '闵京勋', '任恩敬']"
['龙猫 - となりのトトロ'],"['动画', '冒险', '奇幻', '家庭']",['86 分钟'],小月（日高法子 配音）的母亲（岛本须美 配音）生病住院了，父亲（糸井重里 配音）带着她与四岁的妹妹小梅（坂本千夏 配音）到乡间居住。她们对那里的环境都感到十分新奇，也发现了很多有趣的事情。她们遇到了很多小精灵，她们来到属于她们的环境中，看到了她们世界中很多的奇怪事物，更与一只大大胖胖的龙猫（高木均 配音）成为了朋友。龙猫与小精灵们利用他们的神奇力量，为小月与妹妹带来了很多神奇的景观，令她们大开眼界。妹妹小梅常常挂念生病中的母亲，嚷着要姐姐带着她去看母亲，但小月拒绝了。小梅竟然自己前往，不料途中迷路了，小月只好寻找她的龙猫及小精灵朋友们的帮助。,['宫崎骏'],"['秦岚', '糸井重里', '岛本须美', '千叶繁', '中村大树', '大谷育江', '日高法子', '坂本千夏', '北林谷荣', '高木均', '丸山裕子', '鹫尾真知子', '广濑正志', '西村朋纮', '铃木玲子', '雨笠利幸', '平松晶子', '鳕子', '神代知衣', '水谷优子', '龙田直树', '石田光子', '帕特·卡洛尔', '蒂姆·达利', '达科塔·范宁', '艾丽·范宁', '丽娅·萨隆加', '谢丽尔·蔡斯', 'Lara Cody', '弗兰克·维尔克', '娜塔莉·可儿', '肯尼斯·哈特曼', '亚历山德·肯沃西', '史蒂夫·克莱默', 'Aline Leslie', '丽莎·迈克尔逊', 'Ashley Rose', '凯特琳·彼得森', 'Evan Sabara', '布瑞安·西尔多', '格莱格·斯奈哥夫', '保罗·布切', 'Yvonne Russo', 'Matt Adler', '大卫·米德桑德', 'J·P·马诺克斯', '凯斯·索西', '露西·泰勒', '彼得·雷纳迪', 'Kimberly Guerrero', '扎恩·迈克拉农', '纽威尔·亚历山大', 'Kristin Klabunde', '罗伯特·克洛特沃西', '布里奇特·霍夫曼', 'Melanie MacQueen']"
['七武士 - 七人の侍'],"['剧情', '动作', '冒险']",['207 分钟'],日本战国时代，一小山村面临着山贼的威胁，为了保护秋天的收成，村中长老决定让去请武士来保护村子安全，但只能拿出的报酬是一天三顿的白米饭。在城里，他们遭到了武士白眼甚至被打。直到勘兵卫（志村乔 饰）的出现，他现今已沦为浪人，几经考虑最后答应了。他对农民说至少需要七名武士，于是久藏（宫口精二 饰）、胜四郎（木村功 饰）、五郎（稻叶义男 饰）、七郎（加东大介 饰）、平八（千秋实 饰）和菊千代（三船敏郎 饰）等六人也加入了队伍，七个人肩负保卫村子的任务。整个防御准备的过程中，武士与农民间发生许多摩擦也闹出不少笑话。而在一次偷袭行动中，有武士为救农民被火枪打死，很快山贼的反扑随之而来，一场恶战即将开始。,['黑泽明'],"['三船敏郎', '志村乔', '千秋实', '加东大介', '稻叶义男', '宫口精二', '木村功', '藤原釜足', '小杉义男', '左卜全', '土屋嘉男', '高堂国典', '东野英治郎', '登山晴子', '上田吉二郎', '多多良纯', '渡边笃', '小川虎之助', '清水元', '大友伸', '堺左千夫', '谷晃', '中岛春雄', '千叶一郎', '千石规子', '本间文子', '伊藤实', '大村千吉', '广濑正一', '草间璋夫', '铃木和夫', '仲代达矢', '林干', '夏木顺平', '坂本晴哉', '樱井巨郎', '坪野镰之', '山本廉', 'Jirya Kimagaya', '马野都留子', '加藤武', '津岛惠子', '岛崎雪子', '熊谷二良', '片桐恒男', '堤康久', '山形勋', '榊田敬治', '杉宽', '宇野晃司', '天见龙太郎', '伊原德', '伊藤久哉', '加藤茂雄', '森今日子', '中西英介', '中野俊子', '大西康雄', '大城政子', '大塚秀男', '关猛', '铃川二郎', '高原鸟子', '山田彰', 'Yu Akitsu', '上山草人', '高原骏雄', '牧壮吉', '大久保正信', '西条悦郎', '鸭田清', '成田孝', 'Hiroshi Agetsu', '天野五郎', 'Shizuko Hogashi', '一万慈多鹤惠', '池田兼雄', '今井和雄', '神山恭一', '河边昌义', '河边美智子', '川越一平', '川又吉一', 'Akira Kichijoji', '北野八代子', '松下正秀', 'Jun Mikami', '清水美恵', 'Kyoji Naka', '大江秀', '小野松枝', '小泽经子', 'Megeru Shimoda', '砂川繁视', 'Misao Suyama', '户川夕子', 'Michiko Uwamoto', '宇津井健', '橘正晃', '铃木治夫', '安芸津宏', 'Kakue Ichibanji', '东静子', 'Chindanji Miyagawa', 'Shû Ôe', '高木新平', '稻垣三郎', '熊谷卓三', '岩本弘司', 'Akira Kitchôji', 'Yasumasa Ônishi', 'Tsurue Ichimanji']"
['美国往事 - Once Upon a Time in America'],"['剧情', '犯罪']",['229 分钟'],二十年代的美国，纽约少年“面条”（罗伯特·德尼罗 饰）和几个同龄朋友一起认识了聪明狡黠的“麦大”（詹姆斯·伍兹 饰），他们开始从事走私活动。不久，面条在一场械斗中杀伤人命，被关进监牢。若干年后，“面条”出狱，当时的小伙伴们已经变成了健壮的青年人，在“麦大”的带领下，他们开始了一系列抢劫、盗窃、敲诈活动。随着犯罪活动的不断深入，“麦大”似乎被胜利冲昏了头脑，竟然把美国联邦储备银行也列入了行动目标。“面条”不忍眼看好友走向毁灭，偷偷打电话报警，想逼迫“麦大”收手。警察与“面条”的朋友展开激烈枪战，“麦大”等人全部被杀。“面条”带着深深的悔恨和痛苦，离开纽约，回到年少时生长的地方。三十五年过去了，几近垂暮的“面条”重新回到纽约的伤心地，他遇见了少时的朋友和旧情人，而当年“麦大”他们的死，背后竟然包含着出乎意料的阴谋。,['赛尔乔·莱翁内'],"['罗伯特·德尼罗', '詹姆斯·伍兹', '伊丽莎白·麦戈文', '詹妮弗·康纳利', '乔·佩西', '斯科特·科菲', '理查德·布赖特', '詹姆斯·拉索', '克莱姆·卡塞塔', '保罗·赫尔曼', 'Richard Zobel', 'Baxter Harris', '玛西娅·让·库尔茨', '爱丝黛儿·哈里斯', '查克·洛', 'Dutch Miller', '达兰妮·弗鲁格', '波特·杨', '丹尼·爱罗', '拉里·拉普', '詹姆斯·海登', '威廉·弗西斯', '特里特·威廉斯', '鲁斯蒂·雅各布斯', '斯科特·提勒', '塔斯黛·韦尔德', '诺亚·莫扎兹', 'Frankie Caserta', '阿德里安·柯兰', '迈克·莫内蒂', 'Angelo Florio', '布莱恩·布鲁姆', 'Frank Gio', '卡伦谢罗', '马里奥·布雷加', 'Ray Dittrich', 'Amy Ryder', '奥丽娃·维拉索布罗斯', '罗伯特·哈珀', 'Gerard Murphy', 'Joey Marzella', 'Frank Sisto', 'Bruno Iannone', '阿诺恩·米尔坎', '理查德·弗让吉', 'Marty Licata', 'Alexander Godfrey', 'Gerritt Debeer', 'Paul Farentino', 'Cliff Cudney', '朱莉·科恩', 'Jerry Strivelli', 'Mike Gendel', 'Marvin Scott', 'Joey Faye', 'Ann Neville', 'Tandy Cronyn', 'Linda Ipanema', 'Francesca Leone', 'Bruce Bahrenburg', 'Mort Freeman', 'Sandra Solberg', 'Jay Zeely', 'Massimo Liti', '塞尔瓦托雷·比拉', 'Matteo Cafiso', 'Nelson Camp', '艾米·莱德', 'Richard M. Fleming', '路易丝·弗莱彻']"
['完美的世界 - A Perfect World'],"['剧情', '犯罪']",['138 分钟'],单亲孩子菲利普·佩里（T·J·劳瑟 饰）的母亲对他管教甚严，8岁的小菲利普甚至从未参加过一次鬼节讨糖果的游戏。附近州监狱的两名罪犯越狱成功，劫持了菲利普作为人质，向德州边界逃窜。途中，罪犯之一的布奇（凯文·科斯特纳 饰）干掉了鲁莽愚蠢的同伙，却对小菲利普照顾有佳。与此同时，德州警探瑞德（克林特·伊斯特伍德 饰）带着手下和州长特派的犯罪专家萨利（劳拉·邓恩 饰）一同火速追捕布奇。双方在德克萨斯州境内展开了一场公路赛大竞技；而小菲利普也经历了很多从未想过过的刺激与快乐，并与布奇产生了一种近似父子的不寻常感情……,['克林特·伊斯特伍德'],"['凯文·科斯特纳', '克林特·伊斯特伍德', 'T·J·劳瑟', '劳拉·邓恩', '布莱德利·惠特福德', '布鲁斯·麦克吉尔', '基斯·斯扎拉巴基克', '里奥·伯梅斯特', 'Paul Hewitt', '雷·迈克金农', 'Jennifer Griffin', '达里尔·考克斯', 'Mark Voges', 'Vernon Grote', 'James Jeter', 'Ed Geldart', 'Nik Hagler', 'Gary Moody', '玛丽埃塔·马利奇', '罗杰·博伊斯', 'Lucy Lee Flippin', 'Elizabeth Ruscio', '加布里埃尔·福尔斯', 'Gil Glasgow', '丹尼斯莱茨', 'John Hussey', 'Margaret Bowman', '约翰·M·杰克逊', 'Cameron Finley', '马可·佩雷拉', 'Linda Hart', '布兰顿·史密斯', '乔治·奧瑞森', 'Wayne Dehart', '玛丽·爱丽丝', '凯文·贾马尔·伍德斯', 'Tony Frank', 'Woody Watson', 'James W. Gavin', 'Craig Hosking', '吉米·雷·皮肯斯', '利比·维拉利', 'Greg Stechman', 'George Haynes', 'Christopher Reagan Ammons', 'Connie Cooper', 'David Kroll', 'David Stanford', 'Katy Wottrich', 'Belinda Flowers', 'Leslie Flowers', 'Taylor Suzanna McBride', 'Jay Whiteaker']"
['上帝之城 - Cidade de Deus'],"['剧情', '犯罪']",['130 分钟'],巴西里约热内卢的贫民窟，这里是“上帝之城”，更是魔鬼也会叹息着转身的地方。阿炮（亚历山大·罗德里格斯 饰）带着我们到了这里，他见证了这里二十多年来被残暴、贪婪、复仇、野心、背叛、掠夺所裹挟的混乱生活以及最终导致的一场灾难性的黑帮争斗。虽然从小就要辗转于匪徒间求生存，但胆小怕事的性格与自我保护的本能却使他一直能平安度日。60年代初，阿毛、阿夹和阿呆是这里的“少年三侠”，在抢劫完旅馆之后，他们三人分道扬镳，阿夹重回上帝的怀抱，而阿呆和阿毛纷纷付出了生命的代价。70年，当年“少年三侠”手下的小弟小豆子（道格拉斯·席尔瓦 饰）靠着自己的心狠手辣，不停地吞并别人的地盘，成为了贫民区的“小霸王”，生意也从抢劫升级到了更为暴利的毒品买卖，和他一起飞黄腾达的还有班尼（Phellipe·哈根森 饰）。班尼认识了美丽的安迪丽卡（艾莉丝·布拉加 饰），准备归隐，在送别的晚会上，他意外被对头杀害，悲痛之下，“小霸王”集合人手给班尼报仇，帮派之间的厮杀就此开始。此时的阿炮，机缘巧合下成为了杂志社的见习摄影师，他的相机，照下的却是孩子们持枪核弹的狰狞，和帮派间无休无止的仇杀。,"['卡迪亚·兰德', '费尔南多·梅里尔斯']","['亚历桑德雷·罗德里格斯', '艾莉丝·布拉加', '莱安德鲁·菲尔米诺', '索·豪黑', '道格拉斯·席尔瓦', '乔纳森·哈根森', '菲利佩·哈根森', 'Emerson Gomes', 'Marcello Melo Junior', 'Márcio Costa', 'Erick Oliveira', 'Marcos Coutinho', 'Marcello Costa', 'Guti Fraga', 'Edward Boggiss Lustosa', 'Adão dos Santos Thiago', 'Denise Fonseca', 'Júlio César Siqueira', 'Waldeck Roque', 'Wagner Mello', 'Ricardo Rocha da Silva', 'Ricardo Lira', 'Maurício Figueiras', 'Marcos Viana', 'Marcelo Araújo', 'Marcelo António Santos', '巴布·桑塔纳', 'Mary Sheila', 'Sérgio Chapelin', 'Tulé Peak', '克里斯蒂安·杜沃特', 'Olivia Araújo', 'Gil Torres', '保罗·林斯', 'Rosangela Rodrigues', 'Jota Farias', 'João Soares', 'Rafael Fontenele', 'Leo Generoso', 'Wallace Nascimento', 'Wallace Araújo', 'Wellington Costa Ricardo', ""Wanderson 'Petão' Lopes"", 'Yuri Krushewsky', 'Wemerson Gonçalves', 'Arlindo Lopes', 'Anderson Faria', 'Leiz Moreira', 'Luis Carlos Oliveira', 'Leonardo Melo', ""Marcello 'Máscara' Alves"", '马塞罗·梅罗', 'Pierre dos Santos', '赫南·芒特伊罗', 'Vinicius Faria', 'Delano Valentim', 'Ed Money', 'Fabiano Gonçalves', 'Felipe Porto', 'Francisco Marcos', 'Carol Meirelles', ""Carlos 'Lencinho' Smith"", 'Christiano', 'Diego Mendes', 'Jéssica da Silva', 'Luciana Roque', 'Marina Mandonça Pinheiro', 'Michele Gonçalves', 'Otto Amorim', ""Omar 'Mazinho' Barcelos"", 'Nelson Amaral', 'Mário Luiz Costa Oliveira', ""Rómulo 'Guinomo' Sech"", 'Roberto Miguez', 'Rafael de Souza', 'Peter Soares', 'Luís Nascimento', 'Luis Carlos Rodrigues Oliveira', 'Lúcio Andrey', ""Eduardo 'BR' Piranha"", ""Fábio 'Dog' da Cunha"", 'Charles Samuel', 'Éder Júlio Martins', 'Guilherme Estevam', 'Guilherme William', 'Felipe Villela Mendonça', 'Frederico Lins', 'Alex dos Santos', 'Anderson Bruno Marques', 'Ruy Vitório', 'Sérgio Bispo', 'Antoni Guedes', 'Bruno Ricardo', 'Anderson Lugão', 'André Luiz Mendes', 'Leandro Gonçalves', 'Harlem Teixeira', 'Leandro Lima', 'Leandro Lucas', 'Jonas Michel', 'John Lima', 'Ivan Martins', 'Leandro Dias Batista', 'Euclides Garcia', 'Damião Firmino', 'Felipe Nogueira', 'Fábio Castor Conceição', 'Carlos Henrique Avernas', 'Bartolomeu Braga', 'Cleiton Ventura', 'Cláudio César', '丹尼尔·泽托', 'Bernardo Santos', 'Diego Batista', 'Diego Ferreira', 'Marcio Vinicios', '查尔斯·帕拉文蒂', 'Luiz Carlos Ribeiro Seixas', ""Paulo 'Jacaré' César"", 'Danielle Ornelas', ""Alexandre 'China' Tavares"", 'Alexander Cerqueira', 'António Rodrigues', 'André Pires Martins', 'Rafael de Castro', '米卡埃尔·波尔格斯', 'Thiago Wallace', 'Ramon Francisco', '马修斯·纳克加勒', 'Luis Otávio', '罗伯塔·罗德里格斯', 'Michel de Souza', 'Edson Oliveira', 'Jefechander Suplino', 'Renato de Souza', 'Graziela Moretto', 'Leandra Miranda', 'Robson Rocha', 'Darlan Cunha', 'Gustavo Engracia', 'Maurício Marques', 'Edson Montenegro', 'Gero Camilo', 'Felipe Silva', 'Karina Falcão', 'Sabrina Rosa', 'Rubens Sabino', ""Marcos 'Kikito' Junqueira"", '蒂亚戈·马丁斯', 'Wendel Barros', 'Edward Boggiss', 'Adão Xalebaradã']"
['辩护人 - 변호인'],['剧情'],['127 分钟'],1978年，只有高中学历的宋佑硕（宋康昊 饰）通过多年的艰苦努力，终于通过司法考试，并在成为法官后很快转行成为一名律师。他敏锐地从最新政策中嗅到商机，以不动产代书业务起家。虽然被同行讥讽为随时随地派发名片的夜店小弟，但佑硕不以为忤，一步一步朝着心中的目标迈进。他依靠赚来的钱让妻儿过上富足的生活，也还了七年前在饭店大婶那里欠下的良心债。进入20世纪80年代，韩国民主化斗争愈演愈烈。佑硕全然不管窗外事，关起门来继续赚钱。然而社会的巨变已经不容他置身事外，饭店大婶的儿子朴镇宇因从属的釜山读书联合会被控为左翼社团而遭到逮捕，更受到残酷的虐待和不公的指控。虽然爱钱却更重感情的佑硕，就这样走上了为民主辩护的道路……,['杨宇硕'],"['宋永彰', '吴达洙', '郭度沅', '宋康昊', '柳秀荣', '金英爱', '任时完', '车光洙', 'Ki-Jung Han', '李星民', '李真熙', '朴成根', '赵莞基', '李杭娜', '薛昌熙', '赵敏基', '杨明宪', '韩基重', '全光镇', '黄健', 'Jung Hyun Choi', '张利雨', '李率求', '权五镇', '沈熙燮', '郑元中', '刘河福', '郑俊元', '朴修荣', '曹善默', '郭道元', 'Kwang-Jin Jeon', '李静恩']"
['忠犬八公物语 - ハチ公物語'],['剧情'],['107 分钟'],1923年，日本秋田县大馆市天降大雪，近藤家纯种秋田犬产仔，赠与县土木科长间濑。后者将其中一犬转赠东京帝国大学教授上野秀次郎（仲代达矢 饰）驯养。上野的独生女千鹤子对此欢欣鼓舞，而上野夫妇却面露难色。后来，千鹤子（石野真子 饰）谈恋爱，竟怀了男友的孩子。男友专程登门造访。上野与之对谈，后者诚惶诚恐，坦言要对其女儿负责，事不宜迟，即日便举行婚礼，上野闻听此言，转怒为喜。千鹤子出嫁后，上野旋即把全部的心血与爱都投注在幼犬身上，并取名为阿八。每日上下班，阿八必在涩谷车站等候，一年四季，风雨无阻，令路人叹为观止，成为地方一道风景，主仆之情感动天地……,['神山征二郎'],"['仲代达矢', '春川真澄', '井川比佐志', '石仓三郎', '石野真子', '泉谷茂', '片桐入', '加藤登纪子', '加藤嘉', '岸部四郎', '三木纪平', '长门裕之', '尾美利德', '菅井琴', '高桥长英', '田村高广', '殿山泰司', '浦边粂子', '八千草薰', '山本圭', '山城新伍', '柳叶敏郎', '黑田亚瑟', 'Takuji Aoki', 'Norinobu Kodama']"
['海豚湾 - The Cove'],['纪录片'],['92 分钟'],日本和歌山县太地，是一个景色优美的小渔村，然而这里却常年上演着惨无人道的一幕。每年，数以万计的海豚经过这片海域，他们的旅程却在太地戛然而止。渔民们将海豚驱赶到靠近岸边的一个地方，来自世界各地的海豚训练师挑选合适的对象，剩下的大批海豚则被渔民毫无理由地赶尽杀绝。这些屠杀，这些罪行，因为种种利益而被政府和相关组织所隐瞒。理查德·贝瑞年轻时曾是一名海豚训练师，他所参与拍摄电影《海豚的故事》备受欢迎。但是，一头海豚的死让理查德的心灵受到强烈的震撼。从此，他致力于拯救海豚的活动。不顾当地政府和村民百般阻挠，他和他的摄影团队想方设法潜入太地的海豚屠杀场，只为将罪行公之于众，拯救人类可爱的朋友……,['路易·西霍尤斯'],"['里克·奥巴瑞', '路易·西霍尤斯', '哈迪·琼斯', '森下助二', ""Greg 'Moondog' Mooney"", 'Lesley Vogel', 'James Triglone', 'Angie Takanami', 'Kuni Takanami', 'Seamon', 'James Pribham', 'Karina Petroni', 'Jeff Pantukhoff', 'Owen J. Newcomb', 'Karlee Mackie', 'Andrew Lucas', 'Justin Krumb', 'Chris Lane', 'Hannah Fraser', 'Peter Heller', 'Howie Cooke', 'James Cox', 'Steven Barilotti', 'Shannon Sol Carroll', 'Atherton Martin', 'Deborah Basset', 'John Potter', 'John Fuller', 'C. Scott Baker', 'Brook Aitken', 'Dan Goodman', 'Tetsuya Endo', '海顿·潘妮蒂尔', '伊莎贝尔·卢卡斯', 'Kirk Krack', 'Mandy-Rae Cruikshank', 'Hideki Moronuki', 'Roger Payne', 'Kazutaka Sangen', 'Hayato Sakurai', 'Joe Chisholm', 'Simon Hutchins', 'Doug DeMaster', 'Paul Watson', 'Charles Hambleton', 'Dave Rastovich', 'Ian Campbell', '迈克尔·利弗', ""Richard O'Barry"", 'Hans Peter Roth']"
['英雄本色 - A Better Tomorrow'],"['剧情', '动作', '犯罪']",['95 分钟'],宋子豪（狄龙 饰）与Mark（周润发 饰）是一个国际伪钞集团之重要人物，也是情如手足的挚友。宋子豪之弟宋子杰（张国荣 饰）刚刚考入警官学校，其女友钟柔（朱宝意 饰）聪明敏慧，对子杰情深一片。一次，宋子豪带手下谭成（李子雄 饰）去台北与当地黑帮作伪钞交易。不料谭成早已勾结台北黑帮，出卖子豪。在一场枪战中宋子豪受伤，被闻讯而来的警察捕获入狱。Mark得知宋子豪被捕，孤身一人赴台北击毙黑帮头目，自己也身负重伤，艰难地逃离现场。与此同时，台湾黑帮唯恐子豪在狱中向警方泄密，派人至香港绑架子豪之父，混战中老父丧命。宋子豪的弟弟子杰得知兄长原为伪钞集团头目，老父为之而死，遂对子豪及黑社会恨之入骨，决心除暴安良。三年后，宋子豪出狱回到香港，决心弃暗投明，但得不到宋子杰的谅解。当年出卖宋子豪的谭成现已成为老大。他假惺惺地要求宋子豪合作，遭到拒绝，便设计加害宋子杰。宋子豪忍无可忍，联合Mark盗取谭成制造伪钞的电脑软盘，随即交给宋子杰。但同时佯称以软盘与谭成做交易，计划在交易时活捉谭成。岂料谭成早有准备，双方在码头展开枪战。这时，宋子杰也驾车赶来，激战中Mark不幸身亡。警察蜂拥而至，包围了码头。为了不连累宋子杰，宋子豪开枪击毙谭成后，从宋子杰身上取下手铐自缚，向警察自首。两兄弟终于言归于好。,['吴宇森'],"['狄龙', '张国荣', '周润发', '朱宝意', '李子雄', '曾江', '石燕子', '田丰', '吴宇森', '金兴贤', '良鸣', '成奎安', '王侠', '徐克', '梁柏坚', '陈志辉', '张国梁', '洪新南', '杜伟和', '刘崇峰', '皮埃尔·特朗布莱', '麦伟章', '黄炜溏', '杨瑞麟', '曾醒光', '马汉元', '刘崇峰', 'Yung-Sheng Pan', 'Foo-Wai Lam', 'Sun Nan Hung', '陈伟明', '周星驰', 'Te-Wei Chu', '张永汉']"
['恐怖直播 - 더 테러 라이브'],"['剧情', '悬疑', '犯罪']",['97 分钟'],韩国首尔某个平凡的早上，广播电台Daily Topic节目的主持人尹英华（河正宇 饰）正就税率改革与听众进行连线，这时一个自称住在首尔昌信洞的普通工人朴鲁圭打入电话，大肆抱怨超高的电费和相关部门对他的威胁。尹英华颇不耐烦，以偏离主题为由强行切断电话。谁知连线无法单方面由电台方面中断，愤怒的朴鲁圭继续抱怨，并扬言炸掉汉江大桥。尹英华不以为然，进而怂恿对方想做就做，谁知话音刚落，窗外的麻浦大桥便炸作废墟。大惊失色的尹英华很快冷静下来，他决定利用这次难得的机会打一次事业的翻身仗。在他的主持下，针对恐怖分子的连线直播就此展开，无关良知的节目拉开帷幕……,"['金秉宇', '金秉祐']","['河正宇', '李璟荣', '李大为', '金弘波', '金素真', '崔镇浩', 'Sung-chun Han', '全惠真', 'Da-wit Lee', '全慧珍', 'Jung Hyun Choi', '崔代勋', '姜信哲', '韩成天', '孙成灿', '金海仁', '崔德门', 'So-jin Kim']"
['7号房的礼物 - 7번방의 선물'],"['剧情', '喜剧', '家庭']",['127 分钟'],1997年，只有6岁儿童智商的智障男子李龙久（柳成龙 饰）和可爱的女儿艺胜（葛素媛 饰）相依为命，生活虽然简单清贫，却充满幸福。某天，执着为女儿买美少女战士书包的龙久意外卷入一起幼童诱拐奸杀案，而死者竟是警察局长的女儿。龙久懵懂无知，搞不清状况，昏头昏脑就被投入监狱。在7号牢房中，聚集着走私犯蘇杨浩（吴达洙 饰）、诈骗犯崔春浩（朴元尚 饰）、通奸犯姜万范（金正泰 饰）、恐吓犯老徐（金基灿 饰）和抢劫犯申奉植（郑万植 饰）等五毒俱全的“社会渣滓”。龙久孩子般纯洁的心渐渐感动了这几个“大坏蛋”，他们甚至不惜冒险将艺胜带入牢房与父亲相会。黑暗冰冷的监牢内，7号牢房阳光满满……,['李焕庆'],"['柳承龙', '郑镇荣', '朴信惠', '葛素媛', '金正泰', '吴达洙', '朴元尚', '郑涵妃', '金基灿', '郑满植', '卢康民', '吴昌庆', '赵德贤', '全宪泰', '崔录运', '金基天', '吕茂英', '郑熙泰', '韩成勇', '赵在允', '尹善宇', 'Ye-Seo Kang', 'Se-dong Kim', '李沇熹', 'Chang-kyung Oh', '朴相勉', 'Moo-yeong Yeo', 'Ki-chun Kim', '李胜妍', '朴吉秀', 'Lee-woo Song', 'Sun-Woo Yoon']"
['窃听风暴 - Das Leben der Anderen'],"['剧情', '悬疑']",['137 分钟'],1984年的东德，整个社会笼罩在国家安全局的高压统治之下，特工魏斯曼（乌尔利希·穆厄 饰）奉命监听剧作家德莱曼（塞巴斯蒂安·寇治 饰）及其女友演员克里斯蒂娜（玛蒂娜·杰蒂克 饰）的生活，监听过程中，魏斯曼渐渐对这家人的生活产生了兴趣，开始暗中帮助他们。一篇刊登在西德《明 镜》报上的文章引起了特工头目的注意，他们认为这篇文章是德莱曼写的，并逮捕了克里斯蒂娜，希望能够从她口中得出她丈夫的秘密？而审问克里斯蒂娜的正是魏斯曼……,['弗洛里安·亨克尔·冯·多纳斯马尔克'],"['乌尔里希·穆埃', '塞巴斯蒂安·科赫', '马蒂娜·格德克', '乌尔里希·图库尔', '托马斯·蒂梅', '汉斯-尤韦·鲍尔', '路德韦格·布洛克伯格', '托马斯·阿诺德', '玛丽·格鲁伯', 'Volker Michalowski', '迈克尔·格伯', '克劳斯·芒斯特', '巴斯蒂安·特罗斯特', '赫伯特·克瑙普', '保罗·法格斯纳赫特', '辛纳克·勋纳曼', 'Werner Dähn', '马丁·布拉巴赫', '沃克马·克莱纳特', '查理·哈纳', 'Sheri Hagen', 'Harald Polzin', 'Fabian von Klitzing', 'Gabi Fleming', 'Susanna Kraus', '胡伯图斯·哈特曼', 'Ralf Ehrlich', 'Paul Maximilian Schüller', '马提亚斯·布伦纳', '伊嘉·比肯费尔德', '吉塔·施维赫夫', '希尔德加德·斯罗德', '凯·伊沃·保利兹', 'Elja-Dusa Kedves', 'Anabelle Munro', 'Ernst-Ludwig Petrowsky', 'Manfred Ludwig Sextett', 'Philipp Kewenig', 'Jens Wassermann', '维尔纳·德恩']"
['时空恋旅人 - About Time'],"['喜剧', '爱情', '奇幻']",['123 分钟'],长到21岁的时候，蒂·姆雷克 （多姆纳尔·格里森饰演）突然得知自己有穿越时空的能力。在和往年一样不欢而散的新年派对之后，蒂姆的爸爸 （比尔·奈伊饰演）跟他坦诚布公：我们这个家族的男人，生来就有着穿越时空的神力。蒂姆虽然不能改变历史，但是他能够改变自己生命中发生过的和将要发生的一些小事，所以他决定运用自己的能力，让生活变得美好——说白了他是希望给自己找一个女朋友。然而，这并非像他相信中那么容易。蒂姆从康沃尔海岸搬到了伦敦，受训成为律师，在这里他终于遇上了一位漂亮但不那么自信的姑娘，名叫玛丽（ 瑞秋·麦克亚当斯 饰演）。两人相爱了。然而一次“穿越”当中，蒂姆不小心改变的一件小事就像像“蝴蝶效应”一样让他在将来生活中没有机会遇到玛丽。通过一次又一次的尝试，蒂姆一次又一次地和玛丽相遇，他终于赢得了她的心  。,['理查德·柯蒂斯'],"['瑞秋·麦克亚当斯', '多姆纳尔·格里森', '比尔·奈伊', '玛歌特·罗比', '汤姆·霍兰德', '琳赛·邓肯', '内芙·加切夫', '凡妮莎·柯比', '李·阿斯奎斯-柯', '安部春香', '汤姆·休斯', '李·尼古拉斯·哈里斯', '丽莎·艾科恩', '凯瑟琳·斯戴曼', 'Nichola Marie Fynn', '维尔·梅里克', '保罗·布莱克维尔', '罗薇娜·戴蒙德', '莉迪亚·威尔逊', '马修·C·马蒂诺', '黛博拉·罗桑', '约翰·达根', '米切尔·马伦', '格拉姆·柯里', '理查德·赫德曼', '哈利·海顿-佩顿', 'Lilian Price', '艾薇·维', '理查德·科德里', 'Greg Bennett', '阿曼达·伦贝里', 'Cleo Bianca Anderson', 'Morris Minelli', '利昂·科尔宾', '吉诺·皮恰诺', 'Neil Alexander Smith', 'Kris Dillon Jr.', '乔什·麦吉尔', 'Katherine Denkinson', '朱莉·沃洛诺', 'John Harley', 'Glenn Webster', 'Luke Howard', 'Catherine Delaloye', 'Eva Dagoo', 'Benjay X Murphy', 'Freddie-Joe Twine', '西蒙娜·利伯曼', 'Matt Butcher', '马汀·麦格', '珍妮·莱恩斯福德', 'Robby Haynes', 'Natasha Powell', 'Jon Wennington', 'Clemmie Dugdale', 'Ricky Rajpal', 'Murray Close', '理查德·班克斯', 'Lisa Byrne', 'Fran Bennett', 'Martyn Moore', '菘龙忠', 'Fiaz Ali', 'Aisling Hughes', 'Bhanu Alley', 'Olivia Konten-Sloman', 'Andrew Yiallouros', 'Habib Anibaba', 'Tiger Rudge', 'Sara Heller', 'Natasha Manu', 'Guglielmo Richards', 'Sophie Brown', 'Georgie Westall', 'Paige Segal', 'Katharine Blackshaw', 'David Golt', 'Kas Graham', 'Lew Smart', 'Alex Tutusaus', '理查德·E·格兰特', '理查德·格雷弗斯', 'Pal Aron', 'Mark Healy', 'Kenneth Hazeldine', 'Matilda Sturridge', '菲利普-沃斯', 'Tom Godwin', 'Ben Benson', 'Andrew Martin Yates', 'Verity Fullerton', 'Veronica Owings', 'Jaiden Dervish', 'Jacob Francis', 'Jago Freud', 'Ollie Phillips', 'Sophie Pond', 'Kirsty Anne Symonds', '艾莉克丝摩尔', 'Molly Seymour', '汤姆·斯托顿', 'Rebecca Chew', 'Jon West', 'Graham Richard Howgego', 'Kerrie Liane Studholme', 'Barbar Gough', 'Jon Boden', 'Charlie Curtis', '约书亚·麦圭尔', '贝恩·科拉科', '迪诺·法赞尼', '李仙湖']"
['穿条纹睡衣的男孩 - The Boy in the Striped Pajamas'],"['剧情', '战争']",['94 分钟'],1940年代的柏林，八岁的小男孩布鲁诺和同学在外面玩耍后回 到家里，发现家里正忙得不可开交。原来身为纳粹军官的父亲被升职将要调遣，母亲正在准备一次聚会。只不过布鲁诺一点儿也高兴不起来，父亲的新职务是在波兰的纳粹集中营，全家都要搬过去，这样他不得不离开心爱的家和伙伴们。一开始布鲁诺很难适应新的生活环境，很快就觉得无聊起来。没有同龄人陪他玩，母亲也禁止他到处走。倒是姐姐从来不讨厌跟他聊天，因为姐姐忙于摆弄自己的布娃娃，或者是跟父亲的同事——一位年轻英俊的男子聊天。布鲁诺从自己房间的窗户往外看，有一处很奇怪的农场，人们都穿着条纹睡衣在干活。正当他想试着多去了解一些的时候，又被警告不许接近那里。实际上就连母亲也不太清楚这里，她以为只是住在某个劳动营的隔壁，丈夫隐瞒了这里是杀人工厂 奥斯维辛集中营的真相。有一天布鲁诺在花园里玩的时候，不小心摔倒把膝盖碰伤了。在厨房干活的穿着条纹睡衣的帕维尔赶过来帮助他包扎了伤口。两人从此结为了好友。在房子周围晃悠了几周之后，布鲁诺终于决定越过界限来到了一个用电线网制成的围墙边，看到围墙的另一边有一个穿着条纹睡衣的男孩在用手推车倒碎石子。他很惊讶终于在这里发现了可以一起玩的同龄人，布鲁诺以后每天都要偷偷来这里和新朋友什穆埃尔见面。数周过去，布鲁诺对于自己的所见所闻愈加感到困惑，家人教导他所有 犹太人都是魔鬼而他与什穆埃尔的关系却越来越紧密。另一方面，父亲决定把他们和妈妈送到海德堡的姑姑那里去。一想到从此无法再见到这位最好的新朋友，布鲁诺感到很绝望。什穆埃尔告诉布鲁诺自己的父亲失踪了三天，布鲁诺决定利用最后的时间为他做些事情，于是也穿上了一件条纹睡衣，从一块松动的铁丝网下爬进集中营。然而，无情的命运却与小男孩布鲁诺开了一个天大的玩笑，他的生命也将从此划上句号  。,['马克·赫尔曼'],"['阿沙·巴特菲尔德', '维拉·法梅加', '大卫·休里斯', '鲁伯特·弗兰德', '杰克·塞隆', '卡拉·霍根', '理查德·约翰逊', '大卫·海曼', '谢拉·汉考克', '安贝尔·比蒂', '祖萨·霍尔', '拉斯洛·阿隆', 'Henry Kingsmill', ""Zac Mattoon O'Brien"", 'Gábor Harsai', '贝拉·费斯彼姆', 'Domonkos Németh', '阿提拉·埃杰德', '伊凡·弗雷贝利', 'Charlie Baker', '拉斯洛·纳道希', 'László Quitt', '米哈利·绍鲍多什', '泽索特·萨法尔·科夫卡', '吉姆·诺顿', '奥索利亚·茱莉娅·帕普']"
['教父 - The Godfather'],"['剧情', '犯罪']",['175 分钟'],40年代的美国，“教父”维托·唐·柯里昂（马龙·白兰度 饰）是黑手党柯里昂家族的首领，带领家族从事非法的勾当，但同时他也是许多弱小平民的保护神，深得人们爱戴。 因为拒绝了毒枭索洛索的毒品交易要求，柯里昂家族和纽约其他几个黑手党家族的矛盾激化。圣诞前夕，索洛索劫持了“教 父”的参谋汤姆，并派人暗杀“教父”；因为内奸的出卖，“教父”的大儿子逊尼被仇家杀害；小儿子麦克（阿尔·帕西诺 饰）也被卷了进来，失去爱妻。黑手党家族之间的矛盾越来越白热化。年老的“教父”面对丧子之痛怎样统领全局？黑手党之间的仇杀如何落幕？谁是家族的内奸？谁又能够成为新一代的“教父”？血雨腥风和温情脉脉，在这部里程碑式的黑帮史诗巨片里真实上演。,['弗朗西斯·福特·科波拉'],"['马龙·白兰度', '阿尔·帕西诺', '詹姆斯·肯恩', '罗伯特·杜瓦尔', '黛安·基顿', '理查德·卡斯特尔诺', '约翰·凯泽尔', '阿历克斯·罗克', '索菲亚·科波拉', '约翰·马利', '理查德·布赖特', '托尼·乔治', '维托·斯科蒂', 'Tere Livrano', '维克多伦蒂纳', 'Jeannie Linero', '朱莉·格雷格', 'Ardell Sheridan', '阿贝·维高达', '吉亚尼·罗素', '鲁迪·邦德', '阿尔·马蒂诺', '摩甘娜金', '兰尼·蒙大拿', '约翰马迪诺', 'Salvatore Corsitto', '艾尔·勒提埃里', '塔莉娅·夏尔', '乔·斯皮内尔', '理查德·康特', '斯特林·海登', 'Anthony Gounaris', 'Ron Gilbert', '吉安-卡洛·科波拉', '卡迈恩·科波拉', '萨罗·乌尔齐', '弗兰科·奇蒂', '柯拉朵加伊帕', '安杰洛·伊凡蒂', '西蒙蕾妲·瑟法奈尼', '尼克·瓦莱隆加', '弗兰克·西维罗', '托尼·利普', '加里·弗雷德里克森', 'Italia Coppola', 'Don Costello', 'Matthew Vlahakis', 'Max Brandt', 'Gabriele Torrei', 'Ed Vantura', '汤姆·罗斯奎', 'Filomena Spagnuolo', 'Burt Richards', 'Sal Richards', 'Rick Petrucelli', 'Father Joseph Medeglia', 'Lou Martini Jr.', 'Frank Macetta', 'Randy Jurgensen', '桑尼格鲁索', '乔·罗·格里普', 'Nino Ruggeri', '罗曼·科波拉', 'Peter Lemongello', 'Carol Morley', '路易斯·古斯', 'Raymond Martino', 'Norm Bacchiocchi', 'Merril E. Joels', '罗伯特·达赫达赫', 'Tybee Brascia']"
['萤火之森 - 蛍火の杜へ'],"['剧情', '爱情', '动画', '奇幻']",['45 分钟'],某年夏天，6岁小女孩竹川萤来到爷爷家度假，她闯进了传说住满妖怪的山神森林。正当她因为迷路而焦急万分的时候，一个戴着狐狸面具的大男孩出现在她面前，并引领着萤找到回家的路。虽然萤分外感激，可是男孩却禁止她碰触自己的身体，原来这名叫银的男孩并非人类，他一旦被人类碰触就会烟消云散。在此后的日子里，萤和银成为好朋友，他们走遍了森林的每一个角落玩耍。日复一日，年复一年，每到夏天的时候萤就会如约来到森林和好朋友见面。她遵守着和银的约定，无论如何也不碰触银的身体。随着年龄的增长，萤和银对彼此的情感都悄悄发生了变化，他们共同期待相聚的日子，共同期待拥抱对方…… 本片根据绿川幸的原作改编。,['大森贵弘'],"['内山昂辉', '佐仓绫音', 'Izumi Sawada', '山本兼平', '辻亲八', 'Hayato Taya', '内田麻美']"
['素媛 - 소원'],['剧情'],['123 分钟'],她（李莱 饰）是一个美丽平凡的小女孩，和爸爸妈妈生活在位于街角的家中。家里经营着以她的名字素媛命名的杂货店，母亲（严智媛 饰）作为老板娘日夜忙碌不得闲暇，父亲则在工厂干着繁重的工作。在那个飘雨的早上，素媛打着雨伞独自上学。在离学校近在咫尺的地方，她遭遇一个相貌猥琐、酒气冲天的大叔，由此开启了她的悲剧之旅。柔嫩的小花遭到暴风雨无情摧残，受伤的岂止枝枝叶叶，更是那迎着阳光无忧成长的心。无良媒体铺天盖地大肆渲染，作为受害者的素媛一家仿佛成了周身污秽的耻辱之人，被四周诧异好奇的目光所包围。妈妈悲痛欲绝，几近崩溃。爸爸全力保护女儿，但受伤的小天使却拒绝爸爸的靠近。问凶之路伴随着天使的治愈旅程，美丽的女孩可会再露灿烂笑容？,['李濬益'],"['李来', '薛耿求', '严志媛', '金海淑', '金相浩', '罗美兰', '杨真诚', '赵福来', '徐贤宇', '宋英奎', '郑敏圣', '权泰元', '曹文义']"
['小鞋子 - بچههای آسمان'],"['剧情', '家庭']",['89 分钟'],家境贫寒的男孩Ali（Amir Farrokh Hashemian）帮妹妹Zahra（Bahare Seddiqi）取修补好的鞋子时，不慎将鞋子弄丢，为了不被父（Mohammad Amir Naji）、母（Fereshte Sarabandi ）责罚，他央求Zahra暂时保密，说两人可以替换着穿他的鞋子上学，并答应一定会帮她买双新鞋子。Ali原本指望用他和父亲进城打工挣的钱帮Zahra买双新鞋，父亲的意外受伤打消了他的美梦。看到全市长跑比赛季军的奖品是一双运动鞋时，Ali决定参加比赛，但是他错过了报名日期。几经哀求，老师（Dariush Mokhtari ）破例让实力出众的Ali参加了比赛。比赛场上，Ali不断提醒自己，一定要得第三名！,['马基德·马基迪'],"['默罕默德·阿米尔·纳吉', 'Kamal Mirkarimi', 'Behzad Rafi', '克里斯托弗·马利基', '纳菲丝·贾法-穆罕默迪', '巴哈丽·西迪奇', '法拉赫阿米尔·哈什米安', 'Mohammad-Hasan Hosseinian', 'Dariush Mokhtari', '费雷什特·萨拉班迪', 'Jafar Seyfollahi', 'Abbas-Ali Roomandi', 'Hasan Roohparvari', 'Kambiz Peykarnegar', 'Qolamreza Maleki', 'Masume Dair', 'Mohammad Haj-Hosseini', 'Sara Zamani', 'Zahra Mirzai', 'Haj-Ali Salimi', 'Seyd-Ali Hosseini', 'Mohammad-Hossein Shahidi', 'Kazem Asqarpoor', 'Davud Shams', 'Mash-Ebrahim Safari', 'Golnaz Tariqat', 'Ahmad Mokhber', 'Hossein Ahamdloo', 'Siamak Haj-Amini', 'Azade Qale Noi', 'Faramarz Safarizadeh', 'Jamshid Yusefi', 'Javad Kazemi', 'Soheil Haj-Amini', 'Rahman Kharazchi', 'Ali Chaharian', 'Amir-Ali Kazemi', 'Mohammad Oskooi', 'Reza Dehghan', 'Moshen Qadiri Nejad', 'Amir Hossein Tavakkoli', 'Navid Feyzabadi', 'Pasha Shoja Zadeh', 'Mohammad Hossein Mortavazi', 'Hadi Maleki', 'Seyed Karym Alikhani']"
['熔炉 - 도가니'],['剧情'],['125 分钟'],来自首尔的哑语美术老师仁浩（孔宥 饰）来到雾津，应聘慈爱聋哑人学校。天降大雾，他意外撞车，维修时邂逅了人权组织成员柔珍（郑有美 饰）。仁浩妻子早亡，8岁女儿天生哮喘由祖母照看，所以他不辞辛苦谋职养家。然而，双胞胎的校长与教导主任竟逼仁浩索贿5千万韩元。同时，仁浩逐渐发现学校笼罩着一种紧张压抑的气氛，令人窒息。有三个孩子引人关注：聪颖的金妍斗（金贤秀 饰）、贪吃的陈宥利（郑仁絮 饰）和弟弟自杀身亡的全民秀（白承焕 饰），民秀总是满脸淤青。下课后，仁浩还听到女厕所中有呼喊与哭泣，在门卫的阻拦下他未深究。之后。他意外目睹了校长行贿警察，教导员毒打民秀，宿导溺罚妍斗的行径。一个惊天的隐秘被慢慢揭开，真相令韩国震惊…… 本片取材于2005年光州一所聋哑障碍人学校的真实事件，改编自韩国作家孔枝泳的同名小说。,['黄东赫'],"['孔刘', '郑有美', '金贤秀', '郑仁絮', '白承焕', '张光', '金志映', 'Baek Seung-Hwan', 'Hyeon-soo Kim', 'Jeong In-seo', '严孝燮', '郑亨锡', '林贤成', '全国焕', '金周灵', '金智怜', '李相熹', '许在浩', '洪锡然', '严智星', '张素妍', '金民尚', '郑裕美', '南明烈', 'Park Hye-jin-i', '崔镇浩', 'Myeong-ryeol Nam', '林贤成', 'Kwon Yoo-Jin']"
['大话西游之大圣娶亲 - A Chinese Odyssey Part Two - Cinderella'],"['喜剧', '爱情', '奇幻']",['110 分钟'],至尊宝（周星驰 饰）被月光宝盒带回到五百年前，遇见紫霞仙子（朱茵 饰），被对方打上烙印成为对方的人，并发觉自己已变成孙悟空。 紫霞与青霞（朱茵 饰）本是如来佛祖座前日月神灯的灯芯（白天是紫霞，晚上是青霞），二人虽然同一肉身却仇恨颇深，因此紫霞立下誓言，谁能拔出她手中的紫青宝剑，谁就是她的意中人。紫青宝剑被至尊宝于不经意间拔出，紫霞决定以身相许，却遭一心记挂白晶晶（莫文蔚 饰）的至尊宝拒绝。后牛魔王救下迷失在沙漠中的紫霞，并逼紫霞与他成婚，关键时刻，至尊宝现身。,['刘镇伟'],"['周星驰', '朱茵', '莫文蔚', '蔡少芬', '陆树铭', '吴孟达', '罗家英', '蓝洁瑛', '刘镇伟', '江约诚', '吴珏瑾', '李宝龙']"
['新龙门客栈 - New Dragon Gate Inn'],"['动作', '爱情', '武侠', '古装']",['88 分钟'],宦官专权的明朝末年，东厂曹少钦（甄子丹 饰）假造圣旨杀害了忠良杨宇轩，并想斩草除根杀死其后代。侠女邱莫言（林青霞 饰）、江湖义士贺虎（任世官 饰）等人冒死救出忠良后代后，逃至边关沙漠里的龙门客栈，与杨宇轩部下周淮安（梁家辉 饰）会合。龙门客栈实则黑店，老板娘金镶玉（张曼玉 饰）利用乱世，以美貌和风骚作诱饵杀人越货聚敛钱财，但她却为英俊潇洒的周淮安动了真心。为了摸清潜藏于龙门客栈中的出关暗道，周淮安将计就计，答应与金镶玉成亲……,"['李惠民', '姜明海']","['张曼玉', '梁家辉', '甄子丹', '刘洵', '吴启华', '熊欣欣', '袁祥仁', '任世官', '元彬', '徐锦江', '王彤川', '郑希怡', '林青霞', '施懿']"
['触不可及 - Intouchables'],"['剧情', '喜剧']",['112 分钟'],因为一次跳伞事故，白人富翁菲利普（弗朗索瓦·克鲁塞 饰）瘫痪在床，欲招聘一名全职陪护。由于薪酬高，应聘者云集，个个舌灿莲花，却无法打动他的心。直到黑人德瑞斯（奥玛·赛 饰）的出现才让他作出决定。德希斯刚从监狱出来，背负家庭重担，一心只想寻张辞退信以申领救济金，而且他明显对女助理的兴趣要远大于这份工作。但是菲利普还是一眼相中了这个小伙子。于是，德瑞斯开始了一个月的试用期。虽然舒适的豪宅环境让他倍感虚荣，但是他仍面临很多挑战：不仅要为菲利普作身体复健，还得给他洗浴、灌肠、拆信、穿丝袜等。起初，两人的思维方式与价值观大相径庭，但是，随着了解的不断深入，他们成为了朋友……,"['奥利维埃·纳卡什', '埃里克·托莱达诺']","['弗朗索瓦·克鲁塞', '奥玛·希', '安娜·勒尼', '奥德雷·弗勒罗', '阿尔芭·贝露琪', 'Cyril Mendy', 'Christian Ameri', 'Grégoire Oestermann', '玛丽-洛尔·德库洛', 'Dominique Daguier', 'François Caron', '多萝特博里埃', '艾米丽·卡恩', 'Sylvain Lazard', 'Fabrice Mantegna', '海迪·布奇纳法', 'Jérôme Pauwels', '安托万·劳伦特', 'Abdel Sellou', 'Dominique Henry', '皮埃尔-罗兰·巴纳隆', 'Elliot Latil', 'Alain Anthony', 'Caroline Bourg', 'Kévin Wamo', 'Michel Winogradoff', 'Renaud Barse', 'Benjamin Baroche', 'Nicky Marbot', 'Jean François Cayrey', '克洛蒂尔德·莫勒', '托马·索利韦尔', 'Ian Fenelon', 'François Bureloup', '约瑟芬娜·德·摩', 'Absa Diatou Toure', '萨丽马特·卡马特']"
['钢琴家 - The Pianist'],"['剧情', '音乐', '传记', '历史', '战争']",['150 分钟'],史标曼（艾德里安·布洛迪 饰）是波兰一家电台的钢琴师。二战即将爆发之时，他们全家被迫被赶进华沙的犹太区。在战争的颠沛流离中，家人和亲戚最终被纳粹杀害，而标曼本人也受尽种种羞辱和折磨，他侥幸得到一位朋友的帮助，暂时有了藏身之处。战争愈加猛烈，朋友不得不抛下 他回老家寻得安全的住所养育儿女。此时史标曼恶病缠身，却还要在搜捕中逃亡。在废墟的阁楼上他遇见了一名德国军官，在军官的要求下他弹奏了钢琴曲。美妙的琴声令德国军官萌发了恻隐之心，他暗暗帮助标曼直到俄军对波兰的解放到来……,['罗曼·波兰斯基'],"['艾德里安·布洛迪', '艾米莉娅·福克斯', '米哈乌·热布罗夫斯基', '埃德·斯托帕德', '穆琳·利普曼', '弗兰克·芬莱', 'Wanja·穆埃斯', '茱莉亚·蕾娜', '理查德·赖丁斯', 'Anthony Milner', '约阿希姆·保罗·阿斯波克', '丹尼尔·卡尔塔吉罗内', '泽比纽·扎马洲斯基', '玛雅·奥丝塔泽斯卡', '约翰·贝内特', '西里尔·谢普斯', '罗南·维博特', 'Katarzyna Figura', '瓦伦丁·佩尔卡', '安德鲁·蒂曼', 'Tom Strauss', '托马斯·克莱舒曼', '帕韦尔·伯克齐克', '安杰伊·皮耶钦斯基', '莫嘉娜·波兰斯基', 'Maciej Kowalewski', '波利斯·席克', 'Jacek Wolszczak', 'Pawel Zdun', 'David Szurmiej', 'Izabella Szolc', 'Dagmara Sieminska', '阿克西尔·普拉尔', 'Aleksandra Nizynska', 'Rafal Dajbor', 'Anna Gryszka', 'Adrian Hood', 'Ryszard Kluge', 'Ireneusz Machnicki', '帕威·马拉欣斯基', 'Adam Malecki', 'Maurycy Zylber', 'Jerzy Góralczyk', 'Nina Franoszek', '约翰·基奥', 'Rafal Mohr', 'Dmitri Leshchenko', '乌多·科罗施瓦德', '波佩克', '索菲娅·切尔文斯卡', 'Katarzyna Bargielowska', 'Wojciech Smolarz', 'Uwe Rathsam', '乔安娜·布罗兹克', 'Roy Smiles', 'Paul Bradley', 'Ben Harlan', 'Thomas Lawincky', 'Lejb Fogelman', 'Detlev von Wangenheim', '安杰伊·布卢门菲尔德', 'Darian Wawer', '杰西卡·凯特·梅耶尔', 'Roddy Skeaping', 'Lucy Skeaping', 'Nomi Sharron', '露丝·普拉特', 'Lech Mackiewicz', 'Torsten Flach', 'Frank-Michael Köbe', '克日什托夫·皮耶钦斯基', 'Peter Rappenglück', '塞萨里·科辛斯基', '雅努什·奥莱伊尼恰克', 'Emilio Fernandez']"
['本杰明·巴顿奇事 - The Curious Case of Benjamin Button'],"['剧情', '爱情', '奇幻']",['166 分钟'],飓风正在侵袭美国新奥尔良，一位病危的老妇睁开了她的睡眼。老妇名叫戴茜（凯特·布兰切特 饰），她叫女儿凯若琳（朱莉娅·奥蒙德 饰）为她阅读一本日记。这本日记的作者叫本杰明·巴顿（布拉德·皮特 饰）。本杰明出生在第一次世界大战停战之时，但生来便像个老人的他被父亲当作怪物，被遗弃在了养老院。本杰明在养老院与老人们一起生活。但谁都没有想到，本杰明逆向发育——越活越年轻！也许“越活越年轻”是某些人的梦想，但真正这样成长的本杰明却有了别人无法理解的烦恼与快乐。穿越半世纪的世界变革，本杰明身处其中，感受别人感受不到的感受。为何母亲会让自己念这本日记？本杰明·巴顿此人与母亲有什么关系？凯若琳陷入了深深的疑惑与好奇之中。,['大卫·芬奇'],"['布拉德·皮特', '凯特·布兰切特', '塔拉吉·P·汉森', '朱莉娅·奥蒙德', '芳妮·A·钱勃丝', '伊莱亚斯·科泰斯', 'Nadyia Jones', 'Brianna Womick', 'Lauren Swinney', 'Ross Rouillier', 'Heather Lipson', 'Gelsey Weiss', 'Jeffrey Scott Jones', '希洛·朱莉-皮特', 'Nick Reasons', 'Michael Owens', 'Audrey Lynn', 'Naima Imani Lett', 'Angelina McCoy', 'Jennifer Toffel', 'Robert W. Savina', 'Autumn Withers', '杰伊·奥利弗', 'Jonathan Lane', 'Alec Mazo', '迈克尔·沃兹尼亚克', '辛西娅·勒布朗', '埃尔顿·勒布朗', '丹尼尔文森特', '特里·李·史密斯', 'Chaz Smith', 'Aliane Baquerot', '艾玛·德吉斯泰德特', '路易斯迪普伊', '梅根·布朗', 'Aaron Jennings Hartnell', 'Christopher Karl Johnson', 'Craig Sawyer', 'Walter Delmar', 'Rhonda Huete', 'Emily Howe', 'Lori Enterline', 'Katherine Crockett', 'Tim Harvey', 'Derrick Guidry', '马莱丽·格雷迪', 'Victoria Goulet', 'Bianca Chiminello', '伊芙·布伦特', '加瑞特·法贝斯', 'Melissa Cabrera', 'Leslie Augustine', 'Brett Beoubay', '西蒙娜·爱丽丝·吉拉德', '杰拉尔丁·格伦', 'Dewayne Bateman', 'Joe Fontana', 'Bob Harter', '格兰特·杰姆斯', 'Debby Gaudet', 'Clay Chamberlin', 'David Paterson', 'Myrton Running Wolf', 'Ashley Nolan', 'Sonya Leslie-Shepherd', '斯宾塞·丹尼尔斯', '艾德里安·阿马斯', '迪内·泰勒', '汤姆·埃沃雷特', '斯蒂芬·泰勒', '约书亚·德罗什', 'Jessica Cropper', 'Charles Henry Wyson', 'Taren Cunningham', 'Katta Hules', '克里斯托弗·马克斯韦尔', '钱德勒·坎特布瑞', '麦迪逊·贝蒂', '乔什·斯图沃特', '维布尔·弗利茨杰拉德', '蒂尔达·斯文顿', '路易斯·赫特哈姆', '罗斯·布莱克维尔', '乔伊·比索奈特', '里奇蒙德·阿奎特', '伊利亚·沃洛克', 'Yasmine Abriel', '唐·克里奇', 'Devyn A. Tyler', '兰斯·E·尼克尔斯', 'Earl Maddox', '杰森·弗莱明', 'Edith Ivey', 'Ed Metzger', '唐娜·杜普兰提尔', ""Patrick Thomas O'Brien"", '菲利斯·萨莫维尔', '丹尼·文森', '乔安娜·塞勒', 'Paula Gray', 'Rampai Mohadi', 'Jacob Wood', 'Troi Bechet', '泰德·汉森', '菲奥娜·黑尔', 'Marian Zinser', 'Danny Nelson', '马赫沙拉·阿里', 'Robert Towers', '彼特·唐纳德·巴达拉曼迪二世', '艾丽·范宁', '克莱·卡伦', '杰瑞德·哈里斯', '大卫·詹森', 'Jacob Tolano', 'Blake Balu', 'Allen Boudreaux', 'David E. Brown', 'Marianne Filali', 'Ron Flagge', 'Zuri Goldman', 'Cody Green', 'Alim Kouliev', 'Benee Leavy', 'Kevin Lorio', 'Veleska Mosichmiller', 'Ian Novotny', 'Antonia Kanischtscheff', 'Shawn Ramagos', 'Andy Sims', 'Logan Douglas Smith', '丹尼斯·托马斯IV', 'Yvette Tucker', 'Gerrold Vincent', 'Jearl Vinot', '特德·曼森', '伊利亚·沃里克', 'David Ross Paterson', 'Marion Zinser', 'Sonya Leslie']"
['倩女幽魂 - A Chinese Ghost Story'],"['爱情', '奇幻', '武侠', '古装']",['98 分钟'],宁采臣 （张国荣饰）赴郭北县收帐，逢大雨，躲入传说纷纭的兰若寺投宿，但为寺内道士燕赤霞 （午马饰）所拒，于是宁采臣偷偷潜入寺中。入夜，宁采臣被一阵琴音吸引，邂逅少女聂小倩 （王祖贤饰）。聂小倩突露杀机，幸燕赤霞赶到，救下宁采臣一命。聂小倩感其正直，心生爱意，但被燕赤霞阻止。宁采臣却误认燕赤霞为杀人犯，欲与聂小倩逃走。树精姥姥 （刘兆铭饰）逼聂小倩杀宁采臣，聂小倩不肯，姥姥命众魔欲杀宁与小倩，燕赤霞再次出现，救 下二人，姥姥重伤。此时宁采臣才知聂小倩原是一游魂，因尸骨被弃荒野而受姥姥控制，每夜四处寻找壮男为姥姥吸引阳精，增益延寿。为免聂小倩再次受辱，宁采臣答应将其尸骨送回乡间安葬。不料聂小倩却被地府石妖抢去为妻。燕赤霞经不住宁采臣相求，再次出手，终于救回小倩  。,['程小东'],"['张国荣', '王祖贤', '午马', '林威', '王晶', '薛芷伦', '刘兆铭', '胡大为', '蒋金', '黄哈', 'Mei-Yee Sze', '杨又祥']"
