标题,影评
翘楚 (2026),"['重生手刃渣男的大女主爽文', '女主演技好差眼神太木了', '去看了两集真的太好看了，剧情节奏很快，每一集都有小钩子，导演真的蛮会拍的，场景画面服化道我是最喜欢的，整个画面就是说不出的舒服，女主在里面好美好灵，真的值得一个五星', '好呆的眼神，这句话无差别攻击男女主…..', '楚朝生的清丽脱俗，前世祈愿树下红带飘飘，象征变故的大钟落地，娘子满头珠玉翠翘翻飞，丝带如柳条一样萦绕脸庞，“淡极生艳”四个字形容恰恰好。']"
翘楚 (2026),"['重生手刃渣男的大女主爽文', '女主演技好差眼神太木了', '去看了两集真的太好看了，剧情节奏很快，每一集都有小钩子，导演真的蛮会拍的，场景画面服化道我是最喜欢的，整个画面就是说不出的舒服，女主在里面好美好灵，真的值得一个五星', '好呆的眼神，这句话无差别攻击男女主…..', '楚朝生的清丽脱俗，前世祈愿树下红带飘飘，象征变故的大钟落地，娘子满头珠玉翠翘翻飞，丝带如柳条一样萦绕脸庞，“淡极生艳”四个字形容恰恰好。']"
和莎莫的500天 (500) Days of Summer (2009),"['装X装到心坎儿上....人家读王尔德的书听披头士的歌穿小清新的裙子剪法国风的发型追求独立崇尚自由享受青春拒绝责任简直是暧昧高手分手达人，并且最后还结了个天下无双缘定今生龙凤配的婚，文艺得人畜无害个性得恰到好处。', 'Summer之后永远会有Autumn。', '我说我不相信爱情，只不过是因为，你不是我的那杯茶而已', '你爱了她那么久，但是她在那个下午遇到一个问她一本画册的男人，然后他们就结婚，这不是很cd的事情吗', '女人怕男人花心，男人怕女人暧昧。 女人说她其实不想暧昧，她只是不确定，她想多考验一下对方的诚意。其实，她更想说，我想看看我们是不是有缘分。某一刻，你让她感觉不到缘分，你们就OVER，恰在此时，有某人让她感觉缘分重来，她就会把对你的亏欠，加对缘分的重新信仰，加给眼前的有缘人。命啊！']"
主角 (2026),"['剧播了一半来看评分，发现一群瓜皮迫不及待不知出于什么目的破防乱喷，然而收视率和网播热度证明了该是好剧它就是好剧，埋没不了，各位演员的演技尤其是张嘉益老师和孙浩老师，好上加好，剧里秦腔的悲凉的调子一响就可以把人拉回童年的戏台和广播，主创们的改编也很用心，希望让更多人看到，它值得，制作精良的年代剧值得。', '太爱米兰这份坦坦荡荡的要强了，不甘心当一辈子背景板就熬到最晚练戏，想当主角的心思一点都不丢人', '在评论里看见了满满的恶意甚至跟剧无关的偏见，班底制作宣发演员都顶级，没有主角光环，没有崇高的理想主义，没有因为是主角就赋予他们完美的人设，立得住每个角色，拍出了戏剧老艺术家的风骨，这都不算好剧的话，建议还是回去看清一色的流量古偶吧。', '啥年代了还是拍这些玩意儿，年代剧离了x革、争岗、搞破鞋就不会写故事，就只是把浅尝辄止的人物背景换一换，以前是厨子、工人、收破烂的，现在是唱戏，没一点儿新东西。', '很好看啊 剧情紧凑 演员真的 都这么大名气了 一下子就是剧中人 小演员 他大舅他二舅把我听哭了居然 but我隐约觉得有些网友为啥就对陕西方言和风土人情这么大恶意的 有些评论真伤害同胞感情了']"
木乃伊 Lee Cronin's The Mummy (2026),"['一般，前面铺垫太多，总以为后面要憋个大招，结果也就还好，没啥新东西，唯一的创意大概就是找三梦奇缘演木乃伊了。电影里的白人老美，高贵善良友爱，孩子还要被丑陋野蛮的中东人抓去制成木乃伊。但现实呢，老美的导弹不断轰炸中东地区，多少中东人的家园被焚毁，石油资源被老美掠夺，生灵涂炭。电影和真实生活的对比是多么讽刺啊，究竟哪个更像恐怖电影，二者之间哪一方更恐怖呢？', '除了阿拉伯语增添一点异域风情，本质上是一部纯纯的美式招魂驱鬼家庭恐怖片', '很多人说不理解为何女儿那样家人还愿意与其相处，我觉得这是很多恐怖片无脑作死中最能自圆其说的情节了——家人无条件的爱与陪伴，后面妈妈说想送她走也是因为她闹出了人命，这份爱被渐渐消磨殆尽的感觉才是让人感受最痛苦的部分 抛去感性来讲没问题，劲还是蛮大的，除了一点JumpScare还有那种对未知与灵异的恐惧，氛围营造的不错', '这片讲的不就是当下的欧美嘛——外来文明大肆入侵，别管是缠裹尸带的，包头的，还是穿罩袍的。反正是一通兴风作浪，反客为主，干掉传统信奉十字架的老一代，征服懵懂叛逆的年轻一代，只有中年一代还在苦苦支撑。电影里能把邪灵传回去，现实呢？', '一方面试图跟过往的木乃伊系列拉开差距，另一方面又陷入了Evil Dead Rise的阴影，用大量裂焦镜头、身体疼痛特写以及血浆粘液，炮制了这道汁满肉溢但配方熟悉的代餐。倒也不是说不好看，视听层面的恐怖效果还是印象深刻的，只是少了些预期之外的惊喜发生，故事终究仍是选择了一条最循规蹈矩的路径发展下去。古埃及民俗元素其实没能维持多少新鲜感，节奏把控和群像处理感觉也有点奇怪，不少桥段情绪还没烘托起来就结束...']"
主角 (2026),"['剧播了一半来看评分，发现一群瓜皮迫不及待不知出于什么目的破防乱喷，然而收视率和网播热度证明了该是好剧它就是好剧，埋没不了，各位演员的演技尤其是张嘉益老师和孙浩老师，好上加好，剧里秦腔的悲凉的调子一响就可以把人拉回童年的戏台和广播，主创们的改编也很用心，希望让更多人看到，它值得，制作精良的年代剧值得。', '太爱米兰这份坦坦荡荡的要强了，不甘心当一辈子背景板就熬到最晚练戏，想当主角的心思一点都不丢人', '在评论里看见了满满的恶意甚至跟剧无关的偏见，班底制作宣发演员都顶级，没有主角光环，没有崇高的理想主义，没有因为是主角就赋予他们完美的人设，立得住每个角色，拍出了戏剧老艺术家的风骨，这都不算好剧的话，建议还是回去看清一色的流量古偶吧。', '啥年代了还是拍这些玩意儿，年代剧离了x革、争岗、搞破鞋就不会写故事，就只是把浅尝辄止的人物背景换一换，以前是厨子、工人、收破烂的，现在是唱戏，没一点儿新东西。', '很好看啊 剧情紧凑 演员真的 都这么大名气了 一下子就是剧中人 小演员 他大舅他二舅把我听哭了居然 but我隐约觉得有些网友为啥就对陕西方言和风土人情这么大恶意的 有些评论真伤害同胞感情了']"
亢奋 第三季 Euphoria Season 3 (2026),"['别人男朋友都换几轮了只有我们Rue不忘初心三季坚持西读', '人物的发展走向在我看来并不算夸张，而且你不能因为一个剧展现了“物化”的事实就说它的价值观是在物化女性。事实上2021年之后，社交平台就是在加剧物化所有人 男人 女人 孩子甚至宠物。色情内容对青少年的冲击就是前所未有，我们就是活在一个人人都有机会成为influencer的时代。从前只有明星有特权可以利用自己来贩卖幻想，现在人人都渴望在互联网上来兜售自己，一面渴望被爱的幻觉一面用被爱来挣钱，又有几人可...', '大夏天，游泳池边，你穿个貂皮大衣，我一点也不觉得你酷，反而怀疑你可能身体出了啥问题。大姐。', 'Jacob今年在银幕上没干别的 光训狗了.', '《亢奋》第三季，又名《脱衣舞、糖爹与OnlyFans：现代性产业的组织与转型》']"
主角 (2026),"['剧播了一半来看评分，发现一群瓜皮迫不及待不知出于什么目的破防乱喷，然而收视率和网播热度证明了该是好剧它就是好剧，埋没不了，各位演员的演技尤其是张嘉益老师和孙浩老师，好上加好，剧里秦腔的悲凉的调子一响就可以把人拉回童年的戏台和广播，主创们的改编也很用心，希望让更多人看到，它值得，制作精良的年代剧值得。', '太爱米兰这份坦坦荡荡的要强了，不甘心当一辈子背景板就熬到最晚练戏，想当主角的心思一点都不丢人', '在评论里看见了满满的恶意甚至跟剧无关的偏见，班底制作宣发演员都顶级，没有主角光环，没有崇高的理想主义，没有因为是主角就赋予他们完美的人设，立得住每个角色，拍出了戏剧老艺术家的风骨，这都不算好剧的话，建议还是回去看清一色的流量古偶吧。', '啥年代了还是拍这些玩意儿，年代剧离了x革、争岗、搞破鞋就不会写故事，就只是把浅尝辄止的人物背景换一换，以前是厨子、工人、收破烂的，现在是唱戏，没一点儿新东西。', '很好看啊 剧情紧凑 演员真的 都这么大名气了 一下子就是剧中人 小演员 他大舅他二舅把我听哭了居然 but我隐约觉得有些网友为啥就对陕西方言和风土人情这么大恶意的 有些评论真伤害同胞感情了']"
后室 Backrooms (2026),"['呈现效果非常一般。一流的题材，班底，制作，最终也只是给出了一个勉强视觉化的后室，期待的那种空旷，未知，异常则是浮于表面，想靠大段沉闷的安静去加强氛围，效果则不如异形，商业和作者性皆失。后室到底是什么？恐惧的来源在哪里？没人回答。后室作为一个高概念题材，怪物的设置完全丧失了那种都市怪谈的气质，主角是在玩黎明杀机吗？', '果然 期望越大 失望越大。这部片子感觉是三个导演拼出来的：Kane负责手持录影部分，一个导演负责强行拼凑人物背景和心理医生概念，另一个导演负责加入恐怖元素，最终给观众送上来了一盘酸辣圣女果炒土豆丝蒸蛋面😃多个摄影风格并不加分。 割裂 除了割裂就是割裂。如果真的只是想吸引GenZ 倒不如直接出网飞一集一集的短剧，就全程风格化手持，把YouTube上的那些做成连续剧；如果是电影，倒不如稳稳抓住一个点...', '创伤可能就是每回忆一次就更扭曲的清晰吧。', '报看，就是IKEA密室逃脱，给我看睡着了，不知所云，故弄玄虚，全靠布景和演员演技加持。太抽象，前因后果一概不讲，云里雾里的。看之前：导演才20岁，好有才华；看之后：符合20岁的人拍的东西。受众确实是年轻人，很多teenager，在旁边一惊一乍的。', '巨难看无比，故弄玄虚浪费这个概念，如果亮点只有手持还费那个老劲拍长片干嘛直接看油管就得了，你说是军备竞赛实验品我都更愿意相信了最后居然落到中登危机']"
雨霖铃 (2026),"['杨洋守住这个赛道吧，绝可立于不败之地，编剧也守住这个赛道吧，逻辑能扣上，还原侠义本身，情感含蓄，改的挺好。', '真的是又臭又长，剧情密度太低了，全是打戏，主创以为这些打戏很牛逼？现在的观众没见过世面？所以大段大段呈现，叙事效率太低了，男主第一集也是无效出场，其他人角色净在戏里装逼了。', '军艺校草的含金量还在上升，杨洋帅成啥了都，颜值在线打戏更是没得说，看得出功底，看见真大侠了', '说实话，质感是有的，但宣传的打戏我觉得不太行，一直是定点慢动作，有美感但没有展现那种武打的感觉，剧情也是很拖沓，前两集像流水账根本不吸引人，滤镜也很奇怪。', '章若楠进修下演技，眼神戏是不会的，打戏是软绵绵的，往武侠片里塞，格格不入。']"
雨霖铃 (2026),"['杨洋守住这个赛道吧，绝可立于不败之地，编剧也守住这个赛道吧，逻辑能扣上，还原侠义本身，情感含蓄，改的挺好。', '真的是又臭又长，剧情密度太低了，全是打戏，主创以为这些打戏很牛逼？现在的观众没见过世面？所以大段大段呈现，叙事效率太低了，男主第一集也是无效出场，其他人角色净在戏里装逼了。', '军艺校草的含金量还在上升，杨洋帅成啥了都，颜值在线打戏更是没得说，看得出功底，看见真大侠了', '说实话，质感是有的，但宣传的打戏我觉得不太行，一直是定点慢动作，有美感但没有展现那种武打的感觉，剧情也是很拖沓，前两集像流水账根本不吸引人，滤镜也很奇怪。', '章若楠进修下演技，眼神戏是不会的，打戏是软绵绵的，往武侠片里塞，格格不入。']"
灵魂摆渡·十年 (2026),"['谁懂十年老粉之前的三季看了十几遍的人看到这个有多失望吗', '情怀已死，姑获鸟勉强还有点味道，放十年前也不出彩，其余的，不提也罢。', '18:00开播 18:03就打一星说无聊的 你打字还得花一分钟呢😊', '你有一位早逝的白月光，十年之后你竟然探听到白月光并没有死亡，于是你循着 一点点线索找到了这位，当年美丽无瑕的人现在眼角细纹丛生，细碎的白发和手上的粗茧让你知道岁月其实从不善待谁。但你怀揣着巨大的遗憾和昔年的喜欢，装成不认识的客人再喝了这一口熟悉的味道。', '啥玩意，一股ai味，不要狗尾续貂了，让灵魂摆渡封存吧！！！']"
雨霖铃 (2026),"['杨洋守住这个赛道吧，绝可立于不败之地，编剧也守住这个赛道吧，逻辑能扣上，还原侠义本身，情感含蓄，改的挺好。', '真的是又臭又长，剧情密度太低了，全是打戏，主创以为这些打戏很牛逼？现在的观众没见过世面？所以大段大段呈现，叙事效率太低了，男主第一集也是无效出场，其他人角色净在戏里装逼了。', '军艺校草的含金量还在上升，杨洋帅成啥了都，颜值在线打戏更是没得说，看得出功底，看见真大侠了', '说实话，质感是有的，但宣传的打戏我觉得不太行，一直是定点慢动作，有美感但没有展现那种武打的感觉，剧情也是很拖沓，前两集像流水账根本不吸引人，滤镜也很奇怪。', '章若楠进修下演技，眼神戏是不会的，打戏是软绵绵的，往武侠片里塞，格格不入。']"
绝望写手 第五季 Hacks Season 5 (2026),"['真的有人在看到Deb给Ava过生日的那段不会哭吗？因为你是我唯一的朋友，我不知不觉间冷落了我的粉丝黛比们，从第一季追到最终季，俩人终于袒露了一个众所周知的秘密—因为你是我的唯一。', '神来之笔的结局，最后挽留Deb的不是Ava，也不是身边的任何一个人，而是喜剧本身。当热爱成为精神归宿，这份独有的魅力最终将她留了下来，到最后都不落俗套，这太绝望写手了！', '21世纪最伟大的剧集', 'ep10 你们就陪着彼此讲一辈子段子吧😭没人不爱ep9 真正的divaep6 你俩争执ai的时候 deb还在叠衣服 我真磕晕了 这就是年上的魅力吗 mommy一直很爱你 啊啊啊 Dj都从来没有的待遇 你有了 ep7 已磕疯好吗 编剧 其实你也在磕吧 姐狗你们永远在一起好吗 你俩相处状态 代所有拉拉cp都很美味 怎么能演的这么有张力☺️ 你不爱她 你怎么会关注她的一切呢 ava 萌狗一枚来的啊...', '只要创作欲不死，表达欲不死，永远也不会想死。而她们在一起，是双倍的创作欲，生命的能量也是双倍的。喜欢以这样峰回路转，轻描淡写的方式完结整个剧集，没有来一个所谓的总结陈词，让我们知道，生活着，创作着，陪伴着，就很好。此外，好想看Jimmy和Kayla的Latitude衍生剧。']"
双重人格 The Double (2013),"['ummm... 电影节进场和小卷毛擦肩而过。', 'institutionalized，说了一个被彻底规训的近乎严酷苛刻的制度世界里，一株孤单的灵魂如何突围而不得的故事。讽刺的是，这样一个被规训的世界里，偏偏是那些真诚而透明的个体是被惩戒的，反而那些带着无脸面具的投机者得以酣畅淋漓地“自由”生存。', '全片无日景、无自然光、几乎无外景，从影像到叙事、音乐、表演，风格都极为诡谲。但又将阴郁、压抑、惊悚、孤独、绝望、忧伤、幽默等情绪与氛围融合地恰到好处。片名译得有些误导，内容虽有关自我认知与整合，却并非真正意义上的“人格分裂”。前半段觉得堵眼睛、堵胸口，险些弃剧，后半段竟然看哭了。', '好奇怪的电影，虽然是2013年拍的，但充满了上个世纪九十年代类似成为约翰马尔科维奇那种古早科幻feel。剧情么就那样，精分什么的已经不稀奇了，不过有生之年还能看到卷毛搞水仙真是天降之喜，嘻嘻嘻。', '卷毛和米娅的定情之作。为了独一无二，你能走多远？和Enemy一样是关于双重人格，但趣味性和闪光点增加了许多——虽然主题没怎么get到我。配乐请点120个赞～']"
诺曼底72小时 Pressure (2026),"['给两星嫌少，给三星嫌多，思来想去还是给个不及格吧。其实电影在一开始放出来的字幕“THIS IS A TRUE STORY”（内地很不知道为什么翻译成“根据真实事件改编”，不达意啊）就能猜到主创的创作思路了，戏剧冲突不能说没有，但与其说它是电影，它更像央视10套在反法战争胜利纪念日会放的专题片。', '宏大历史背后，是一个个鲜活的人，有恐惧也有牵挂。', '历史宏大惊险归历史 电影无聊老套归编导', '演员很努力了, 但真的很难通过制造冲突的形式把一个讲天气的故事讲得有趣; 映后见到了 Andrew Scott, 他真的好 babygirl 啊.', '看完趣塔德庄园后再看戴米恩好想笑😂 5.28盐湖城：超出预期，片名也算是双关了，气象压力和心理压力，节奏把握的很好，男主和艾森豪威尔承担的压力真的是让人感同身受。莫娘演的真好啊，简直完美展现了男主拘谨执拗又深情的性格特质']"
2001太空漫游 2001: A Space Odyssey (1968),"['这部片子有三个特征：1）看不懂 2）无数的符号 3）必须熟读尼采 4）六十年代能够做出这样的特效真的是惊天动地', '首先你得忍者看完第一遍,觉得不知道在说什么;看了第二遍,觉得好像有点意思;看第三遍,知道原来这个电影讲述的是多个主题啊,看第四遍,觉得好像看懂了点什么;看了第五遍,啊,真他妈太牛了!这可是1968年的东西!', '这不是照着剧本拍的，而是曲谱', '这部是唯一一出让我彻底游离出剧情，却始终带着浓厚兴趣看完的电影，我相信库布里克偏执的工作态度操死了一批又一批特效制作人员', '那奄奄一息的机械生命执意要为我唱一首雏菊，有那么几秒温柔得不像话。']"
给阿嬷的情书 (2026),"['很不错，尤其是没给南枝安排个老公这点非常加分', '如果女性主义的发展是让我们有武器去抨击和贬低被时代背景钳制的女性，那只能说中国的女性主义发展得很失败。每个时代都有自己追求的可贵品质，那个时代或许是忠诚，这个时代或许是自由，这都是时代所赋予我们各自的局限性，追求本身并无高贵之分。希望评论区满口厌女标签的人，懂得什么才是真正的尊重女性和支持女性主义。 最后，敬那个已逝去的年代，敬我们的来时路，敬散落在世界但仍心系祖国的华人。', '8.0 “你是淑柔姐？” “是” “上一次寄的咸猪肉收到了吗？” “收到了” “好吃吗？” “好吃” “好吃我后面再寄”', '最感动的是阿嬷知道木生60年就死了，第一句话就是谢南枝她带这么多孩子得多辛苦啊。😭', '真的大哭的地方是在信讲完后那段的处理，没有给阿嬷浓墨重彩的表情特写，镜头一拉，她要去看橄榄菜凉了没。镜头给那么松，一切都不浓墨重彩地给出来，但都能深切地舒展开来。那个门框，雨天，青苔，我完全闻得见味道，所有的爱恨遗憾在那一刻落地又具体，各自心中凭说。真的完全沉得住气，完全是千钧之力。']"
焦虑 Angst (1983),"['勉强及格。挺像祖拉斯基的风格，这里的演员身上捆绑摄像机的手法是我见过最早的也是完成的最好的，此外还有很多鬼魅的机位移动，摄像机像卫星一样凌空环绕演员，营造了癫狂阴郁的精神病世界观。全片靠男主的心声解说，细密的展现他出狱后如何闯空门、如何在童年记忆的影响下逐步进入状态、如何杀了屋内一家三口、如何奸杀处理尸体，他脑里有些疯狂又不乏浪漫的想法：想抓新受害人和死尸关在一起（他兴奋的浑身发抖），在路上被警察...', '比美国的那个“杀手的肖像”要好一点吧。这里的好多镜头都非常牛逼，比如摄影机跟着男主角一起在房间里急速窜动（非主观镜头），男主角脚的运动完全被有意排除了，他既快得好像站在滑板上一样，又因慌乱显得跌跌撞撞。', '施虐狂多数都有悲惨的童年，父母家庭周围环境对小孩子影响很大，够写实够变态，养狗别养腊肠了，主人都被杀了还跟着凶手去吃香肠。', '这镜头加斯帕诺和达伦都学了吧...', '堪称镜头设计、调度与镜头语言的教科书！远景拉伸俯拍、近景贴身跟拍与身体局部大特写是其中最常用的三种镜头，远景镜头是客观性社会性的、近景镜头是客观性心理映射性的、大特写则是主观性心理性的。依靠镜头，影片近乎完美地呈现了犯罪人格的心理图景。表演和音乐亦值得称道。童年阴影害死人。']"
我们的救赎 Notre Salut (2026),"['拍这样的电影还拍两个半小时，我不如看多几次Tycoon', '法国主旋律片，视角选择不错，某种程度上是一部去风格化版的《利益区域》。', '和《利益区域》《索尔之子》同样重要的提供了一个进入微观史的视角，比较罕见的呈现了二战占领时期维希政府的日常和运作机制，以最不显眼的姿态，却仍旧在追问，邪恶是如何在普通的人性和普通的日常中诞生。纪录片手法在历史演绎中颇具张力的巧用，去形式化却又高度内置于历史内部的风格，或许为一种私人语气的口述史延展出了一种更广泛的新的叙事范式。唯一问题是，这种反戏剧，反剥削影像的作品，太精英，同时也太容易被人忽视了...', '为什么电影不再得到关注了，就是因为总有人在拍这种电影。到最后说是书信改编真是笑了，要辨认什么是真实太简单了，假的就是令人痛苦地假着', '#Cannes79 一星给Arlaud 坐到结尾是我的礼貌不是电影的功劳 overlong and boring']"
给阿嬷的情书 (2026),"['很不错，尤其是没给南枝安排个老公这点非常加分', '如果女性主义的发展是让我们有武器去抨击和贬低被时代背景钳制的女性，那只能说中国的女性主义发展得很失败。每个时代都有自己追求的可贵品质，那个时代或许是忠诚，这个时代或许是自由，这都是时代所赋予我们各自的局限性，追求本身并无高贵之分。希望评论区满口厌女标签的人，懂得什么才是真正的尊重女性和支持女性主义。 最后，敬那个已逝去的年代，敬我们的来时路，敬散落在世界但仍心系祖国的华人。', '8.0 “你是淑柔姐？” “是” “上一次寄的咸猪肉收到了吗？” “收到了” “好吃吗？” “好吃” “好吃我后面再寄”', '最感动的是阿嬷知道木生60年就死了，第一句话就是谢南枝她带这么多孩子得多辛苦啊。😭', '真的大哭的地方是在信讲完后那段的处理，没有给阿嬷浓墨重彩的表情特写，镜头一拉，她要去看橄榄菜凉了没。镜头给那么松，一切都不浓墨重彩地给出来，但都能深切地舒展开来。那个门框，雨天，青苔，我完全闻得见味道，所有的爱恨遗憾在那一刻落地又具体，各自心中凭说。真的完全沉得住气，完全是千钧之力。']"
JOJO的奇妙冒险 不灭钻石 ジョジョの奇妙な冒険 ダイヤモンドは砕けない (2016),"['jojo动画化其实不好，人物生硬剧情拖沓，远没有漫画酣畅淋漓啊。失望，只能……打5星了。', '只要有黄金精神，没有替身也可以成为最强小学生', '本来打算打发时间看的，结果根本停不下来', '确实有几集不那么如人意，但当看完36集的片头时，我真的觉得之前那些瑕疵与纰漏都是可以被原谅的，简简单单的一首OP却溢出了整个动画团队对这部作品极大的热情…“1999年夏天在一个叫杜王町的小镇，几个男孩经历了一场奇妙的冒险”，把这个神奇的故事讲述的就像真正发生过一样，这就是第四部真正的魅力', '完结的七部里面，个人是最爱四部的，充满浓浓复古风的小镇怪谈和荒木式替身大战完美结合，虽然以日常为主，但戏剧张力丝毫不逊于其他任何一部。川屁股吉良也是日漫史难以多得的经典反派。虽然这部作画比起前三部崩了许多，但作为JOJO多年老粉，有生之年得以见到已是大幸，坐等Part5']"
虎！虎！虎！ Tora! Tora! Tora! (1970),"['总有那么些危机嗅觉敏锐的，却总被个别环节掉链子的全盘拖累。真正可怕的，不是对手的虎!虎!虎!，而是队友里的猪!猪!猪!', '写实性远大于艺术性，最精彩的是对山本五十六的刻画。他的哈佛背景已预言奇袭会唤醒“沉睡的巨人”，但他的军人血脉却无法放弃主动进攻所带来的战略优势。这是属于战争的永恒悲戚，正如山本所念的明治天皇御制诗：苍苍四海，莫非同胞；茫茫人间，相争何为？', '狠片！花了三个晚上终于看完！真正的战争巨著！', '近乎纪录片般的高水准，这种严谨的态度以及全面的角度随着时代的发展反而很难再重现了。日美合拍造成的迥异风格是一大特色，就我而言更喜欢日本那部分，山雨欲来的压迫感极强，美国这边总觉得部分群演不太入戏，淡然得过了头，甚至带出几分黑色幽默的味道来，所以犹豫再三扣掉一星。', '“即使黑泽明是一位名副其实的天才导演，对于本片他也属于错选。这不是他的类型，他从没拍过类似的题材，也不符合他的风格。我觉得他既指导的不舒服，更不习惯有人在旁边指手画脚。他总是全盘掌控，没人敢在预算拍摄计划或是其他方面教黑泽明怎样去做。但当时扎努克等制片人就站在他背后。”——弗莱彻']"
宇宙巨人：希曼崛起 Masters of the Universe (2026),"['童年回忆里的那个骑老虎的肌肉猛男回来了！真人版的希曼电影好精彩！小时候动画片里的形象，现在变得真实而华丽，希曼的胸肌，骷髅王的脸，连太空虎都毛茸茸的，科技进步真好。编剧很厉害，把动画情节和当下的真实世界做了融合，你敢想希曼在地球的职业是做HR？哈哈哈哈，对话技巧团队建设等职业技能还用上了，濒死时那段大脑蒙太奇更是充满想象力，超赞。情怀满分，特效动作打斗燃爽，再加上喜感，是属于八零后的去班味欢乐电影...', '算是一代人的儿时回忆了，改编的算原汁原味，很经典的美式英雄片，男主的身材很好哈哈哈，最大的反派是骷髅，但是他话痨又搞笑。那句因为我是反派很爽笑死我了。动作戏也很精彩，好多武器看的我都想要，还有特效也很赞，生活压力大的情况下，能不带脑子的开心三个小时也很好。', '“辉克显灵，赐予我力量吧！”只要念出这句咒语，你就会获得神奇的力量！有力量的从来不只是那把宝剑，而是挥舞宝剑的人！那个骑着太空虎的肌肉男来了！没错。还有铁头铁拳长颈侠。大家一起大战骷髅王！鹦鹉仙子是希望之光！动画片教会我们正义勇敢与无畏，真人版让我们回忆童年！', '“赐予我力量吧，我是希曼”！人到中年谁不会年代这一句咒语？童年的那个男人回来了，中二魂立马觉醒啦！ 就在还叫Adam穿着现代人的他被力量之剑唤醒的刹那，当混身腱子肉的He-Man勇士装扮亮相的瞬间，浑身鸡皮疙瘩都跟着燃爆啦！ 但别着急，希曼从来不是多严肃的肌肉英雄，他依然还是叨叨个没完的铁憨憨，无论是跟女战神蒂拉，还是跟邓肯队长一起，甚至连跟死对头骷髅王一起对峙，都觉得是一对搞笑咖在相爱相杀。 谁...', '今年最无聊的电影出现了，睡过去两次。一把剑来来回回抢了五遍从头抢到尾，抖音里的ai短剧都没这么无聊']"
蝙蝠侠：黑暗骑士 The Dark Knight (2008),"['赞誉众口一致夸上了天，百闻不如一见，这种连环画超级英雄故事居然能扯到第六集真是要把编剧逼跳楼了，最后呈现的暗夜骑士全然超越了原著，悲怆到迷人的境界，着实是个奇迹。剧本确实很卓越，导演确实很出色，还有演技真是不得不叹服一下太tmd震撼', '诺兰接手后蝙蝠侠和其它漫画英雄片完全不是一个等级了', '蝙蝠侠、双面人和小丑这三个形象把人在善恶两面的矛盾及选择映射得淋漓尽致，于是成就了史上最佳漫画和英雄电影。时光网：“诺兰让关于艺术片和商业片的讨论变得毫无价值。《黑暗骑士》不但拍出了古典悲剧的感觉，还探讨了恐怖主义、越界权力等美国当代的热点话题。最关键的是，电影好看得无懈可击。”', '大片中很有内涵的一部，不管是人们心中暗自涌动的对小丑疯狂灭世主义的不安的共鸣，还是对蝙蝠侠孤独暗夜行走的英雄惜英雄般同情，其实都是人们对这个世界失望的一种情绪释放。其实小丑说的很对，他和蝙蝠侠很像，都是异类，只不过蝙蝠侠把痛苦留给自己，顽固地去坚守一丝信仰，而小丑把痛苦还给世界。', '没感觉出彩在哪……']"
好姻缘 Le beau mariage (1982),"['故事借鉴巴尔扎克的《苏镇舞会》，侯麦也确实做到了像巴尔扎克一样，准确捕捉一个时代的人物典型。罗曼德的角色为什么招人讨厌？因为她既不是传统女性，没有旧时代所谓矜持的美感，也现代得不彻底——她还寄望通过“好姻缘”来捕捉一个男人供养她。独立止于言，于行则荡然无存，有的只是赤裸裸毫不掩饰的自私。也因她的不彻底，她对自己的处境没有真切的认知，就更显得愚蠢。偏偏这种不彻底的人物，在不彻底、转型未完的时代里，是...', '碧翠丝·罗曼德是我最不待见的侯麦女郎（已经不这么认为啦1/15/2022）', '好吧，男主角在女主角生日那天，送给女主角一个杯具。', '男人夸了一句女人画作，女人立即要将它送给他，男人匆忙离开之时，将画作落在了沙发上。两人在情感里的地位与关系便刚好如此。', '有艺术家的气质却没有艺术家的才华，有思想家的骄傲却没有思想家的深度，想有所成就和地位却又眼高手低，对男人、爱情和婚姻抱有不切实际的幻想，且不到黄河心不死，这个女主怎么这么讨厌又那么熟悉啊？哦，原来是我自己，希望我也能有她结局的好运，不过究竟是好运来了，还是循环厄运的另一段开始呢？侯麦说：你说呢？']"
熊出没之熊心归来 (2016),"['很好看，至少孩子觉得很好看，这是最重要的标准', '齐秦的歌声一定是在抚慰我们这些陪小朋友看电影的家长们...', '这次光头强不当坏人啦。喜欢帅气的熊大，呆萌的熊二。剧情很饱满，人物的设定都很棒，孩子们都看的很开心。画面很不错，3D效果很出彩。', '转自某小学生:我觉得挺有意思，也很有教育意义。', '很适合小孩看，在家的时候就经常看熊出没，没办法换台所以我也看了😁，拍的挺不错的，孩子肯定喜欢']"
